Date,SP500,2x,3x,4x,5x,6x,7x,8x,9x,10x
1928-02-29,-1.76%,-3.58%,-5.43%,-7.33%,-9.26%,-11.23%,-13.24%,-15.28%,-17.35%,-19.44%
1928-03-31,11.70%,24.58%,38.72%,54.24%,71.24%,89.85%,110.17%,132.36%,156.53%,182.85%
1928-04-30,2.44%,4.74%,6.89%,8.88%,10.70%,12.33%,13.77%,15.01%,16.04%,16.85%
1928-05-31,1.27%,2.32%,3.15%,3.76%,4.13%,4.27%,4.18%,3.84%,3.26%,2.44%
1928-06-30,-4.30%,-8.80%,-13.47%,-18.26%,-23.14%,-28.06%,-33.01%,-37.93%,-42.80%,-47.59%
1928-07-31,1.52%,2.87%,4.06%,5.08%,5.90%,6.54%,6.97%,7.19%,7.20%,6.99%
1928-08-31,7.41%,15.20%,23.39%,31.97%,40.95%,50.34%,60.14%,70.36%,80.99%,92.04%
1928-09-30,1.29%,2.54%,3.74%,4.88%,5.97%,7.00%,7.98%,8.89%,9.74%,10.53%
1928-10-31,2.55%,5.06%,7.52%,9.92%,12.25%,14.51%,16.70%,18.81%,20.83%,22.75%
1928-11-30,11.99%,25.23%,39.80%,55.84%,73.45%,92.76%,113.91%,137.03%,162.28%,189.79%
1928-12-31,0.29%,0.18%,-0.35%,-1.30%,-2.67%,-4.48%,-6.71%,-9.37%,-12.44%,-15.91%
1929-01-31,5.71%,11.49%,17.33%,23.19%,29.06%,34.89%,40.67%,46.35%,51.91%,57.29%
1929-02-28,-0.58%,-1.43%,-2.53%,-3.90%,-5.52%,-7.39%,-9.50%,-11.85%,-14.42%,-17.21%
1929-03-31,-0.23%,-0.94%,-2.13%,-3.78%,-5.90%,-8.46%,-11.46%,-14.87%,-18.67%,-22.82%
1929-04-30,1.61%,3.00%,4.17%,5.10%,5.79%,6.23%,6.42%,6.33%,5.98%,5.35%
1929-05-31,-4.28%,-8.93%,-13.89%,-19.12%,-24.56%,-30.16%,-35.85%,-41.57%,-47.26%,-52.86%
1929-06-30,10.39%,21.67%,33.88%,47.11%,61.39%,76.81%,93.42%,111.30%,130.52%,151.14%
1929-07-31,5.36%,10.84%,16.43%,22.11%,27.87%,33.70%,39.58%,45.50%,51.45%,57.39%
1929-08-31,9.80%,20.08%,30.81%,41.92%,53.34%,64.98%,76.74%,88.47%,100.04%,111.26%
1929-09-30,-4.89%,-9.86%,-14.88%,-19.93%,-24.95%,-29.94%,-34.86%,-39.68%,-44.38%,-48.94%
1929-10-31,-19.93%,-39.95%,-58.26%,-73.61%,-85.37%,-93.46%,-98.24%,-100.36%,-100.62%,-99.84%
1929-11-30,-13.37%,-27.98%,-42.75%,-56.75%,-69.24%,-79.71%,-87.92%,-93.85%,-97.72%,-99.89%
1929-12-31,2.53%,4.11%,4.66%,4.11%,2.41%,-0.46%,-4.48%,-9.63%,-15.84%,-23.03%
1930-01-31,6.25%,12.71%,19.39%,26.28%,33.38%,40.66%,48.13%,55.78%,63.58%,71.54%
1930-02-28,2.15%,4.19%,6.10%,7.88%,9.53%,11.02%,12.36%,13.54%,14.55%,15.38%
1930-03-31,3.74%,7.41%,10.99%,14.47%,17.82%,21.01%,24.02%,26.82%,29.38%,31.68%
1930-04-30,3.11%,5.87%,8.29%,10.35%,12.04%,13.35%,14.28%,14.84%,15.02%,14.81%
1930-05-31,-1.65%,-3.79%,-6.40%,-9.44%,-12.89%,-16.70%,-20.83%,-25.22%,-29.83%,-34.59%
1930-06-30,-16.46%,-31.54%,-45.06%,-56.92%,-67.09%,-75.61%,-82.55%,-88.06%,-92.29%,-95.41%
1930-07-31,3.67%,6.74%,9.17%,10.89%,11.85%,12.02%,11.38%,9.89%,7.58%,4.44%
1930-08-31,0.75%,1.06%,0.89%,0.24%,-0.90%,-2.52%,-4.63%,-7.22%,-10.27%,-13.77%
1930-09-30,-13.01%,-24.64%,-35.01%,-44.20%,-52.31%,-59.44%,-65.68%,-71.11%,-75.81%,-79.87%
1930-10-31,-8.88%,-18.03%,-27.22%,-36.26%,-44.97%,-53.18%,-60.79%,-67.70%,-73.87%,-79.27%
1930-11-30,-3.31%,-7.18%,-11.57%,-16.40%,-21.59%,-27.07%,-32.76%,-38.56%,-44.39%,-50.18%
1930-12-31,-6.35%,-13.14%,-20.22%,-27.46%,-34.70%,-41.83%,-48.75%,-55.35%,-61.55%,-67.30%
1931-01-31,5.54%,9.84%,12.71%,14.00%,13.58%,11.33%,7.19%,1.11%,-6.91%,-16.83%
1931-02-28,11.37%,23.54%,36.54%,50.37%,65.04%,80.54%,96.87%,114.01%,131.95%,150.65%
1931-03-31,-7.43%,-14.80%,-22.03%,-29.06%,-35.85%,-42.35%,-48.52%,-54.34%,-59.77%,-64.82%
1931-04-30,-9.59%,-18.84%,-27.67%,-36.01%,-43.79%,-51.00%,-57.61%,-63.62%,-69.03%,-73.85%
1931-05-31,-13.72%,-26.16%,-37.34%,-47.30%,-56.09%,-63.78%,-70.44%,-76.14%,-80.98%,-85.04%
1931-06-30,13.90%,26.79%,38.21%,47.77%,55.14%,60.07%,62.38%,61.99%,58.89%,53.17%
1931-07-31,-7.42%,-14.91%,-22.39%,-29.77%,-36.97%,-43.93%,-50.57%,-56.84%,-62.70%,-68.12%
1931-08-31,0.95%,1.52%,1.73%,1.57%,1.04%,0.16%,-1.07%,-2.64%,-4.52%,-6.70%
1931-09-30,-29.94%,-52.17%,-68.23%,-79.53%,-87.24%,-92.35%,-95.61%,-97.60%,-98.77%,-99.42%
1931-10-31,7.42%,10.83%,9.92%,4.68%,-4.59%,-17.29%,-32.60%,-49.55%,-67.07%,-84.10%
1931-11-30,-8.92%,-17.96%,-26.93%,-35.68%,-44.06%,-51.96%,-59.27%,-65.95%,-71.93%,-77.22%
1931-12-31,-14.53%,-28.36%,-41.11%,-52.52%,-62.47%,-70.93%,-77.95%,-83.64%,-88.14%,-91.61%
1932-01-31,-2.22%,-6.27%,-11.98%,-19.09%,-27.31%,-36.32%,-45.77%,-55.32%,-64.62%,-73.38%
1932-02-29,4.41%,6.87%,7.30%,5.66%,2.05%,-3.41%,-10.49%,-18.90%,-28.33%,-38.41%
1932-03-31,-11.82%,-23.13%,-33.79%,-43.70%,-52.77%,-60.95%,-68.23%,-74.60%,-80.09%,-84.75%
1932-04-30,-20.25%,-37.56%,-52.05%,-63.93%,-73.44%,-80.90%,-86.61%,-90.87%,-93.96%,-96.14%
1932-05-31,-23.33%,-42.51%,-57.91%,-69.97%,-79.19%,-86.05%,-91.00%,-94.46%,-96.79%,-98.28%
1932-06-30,-0.89%,-4.51%,-10.56%,-18.62%,-28.16%,-38.57%,-49.25%,-59.64%,-69.25%,-77.70%
1932-07-31,36.12%,81.94%,139.03%,208.95%,293.12%,392.78%,508.81%,641.64%,791.11%,956.32%
1932-08-31,39.14%,86.65%,141.73%,202.29%,264.67%,323.30%,370.47%,396.26%,388.63%,333.80%
1932-09-30,-3.69%,-10.67%,-20.16%,-31.28%,-43.12%,-54.86%,-65.78%,-75.38%,-83.33%,-89.52%
1932-10-31,-13.86%,-28.52%,-43.06%,-56.67%,-68.74%,-78.86%,-86.82%,-92.65%,-96.52%,-98.76%
1932-11-30,-5.89%,-13.36%,-21.94%,-31.17%,-40.60%,-49.86%,-58.63%,-66.68%,-73.84%,-80.01%
1932-12-31,5.65%,10.62%,14.80%,18.09%,20.39%,21.63%,21.77%,20.75%,18.56%,15.23%
1933-01-31,0.29%,0.04%,-0.72%,-1.98%,-3.70%,-5.85%,-8.39%,-11.29%,-14.51%,-18.01%
1933-02-28,-18.44%,-34.61%,-48.54%,-60.31%,-70.07%,-77.98%,-84.26%,-89.12%,-92.76%,-95.40%
1933-03-31,3.36%,3.58%,1.09%,-3.67%,-10.21%,-18.08%,-26.81%,-35.99%,-45.23%,-54.20%
1933-04-30,33.85%,74.45%,121.96%,176.16%,236.49%,301.91%,370.89%,441.35%,510.67%,575.68%
1933-05-31,23.12%,48.75%,76.53%,105.89%,136.11%,166.27%,195.30%,221.98%,244.99%,262.96%
1933-06-30,13.17%,25.38%,36.00%,44.39%,49.94%,52.05%,50.18%,43.93%,33.01%,17.29%
1933-07-31,-8.80%,-19.88%,-32.44%,-45.59%,-58.51%,-70.41%,-80.69%,-88.89%,-94.79%,-98.39%
1933-08-31,11.46%,22.86%,34.02%,44.72%,54.77%,63.96%,72.12%,79.07%,84.67%,88.81%
1933-09-30,-12.35%,-24.16%,-35.27%,-45.57%,-54.96%,-63.39%,-70.84%,-77.29%,-82.79%,-87.37%
1933-10-31,-7.82%,-17.07%,-27.27%,-37.93%,-48.56%,-58.73%,-68.06%,-76.29%,-83.24%,-88.83%
1933-11-30,10.27%,20.53%,30.63%,40.42%,49.74%,58.42%,66.32%,73.28%,79.15%,83.81%
1933-12-31,0.91%,1.22%,0.94%,0.06%,-1.41%,-3.43%,-5.98%,-9.03%,-12.53%,-16.44%
1934-01-31,12.04%,24.75%,38.11%,52.07%,66.57%,81.56%,96.95%,112.69%,128.68%,144.83%
1934-02-28,-3.67%,-7.83%,-12.41%,-17.37%,-22.63%,-28.12%,-33.77%,-39.51%,-45.27%,-50.98%
1934-03-31,-1.30%,-3.24%,-5.80%,-8.92%,-12.57%,-16.68%,-21.19%,-26.03%,-31.12%,-36.40%
1934-04-30,-1.51%,-3.24%,-5.19%,-7.35%,-9.71%,-12.26%,-15.00%,-17.91%,-20.98%,-24.19%
1934-05-31,-8.13%,-16.20%,-24.14%,-31.86%,-39.31%,-46.43%,-53.17%,-59.49%,-65.37%,-70.77%
1934-06-30,2.08%,3.56%,4.44%,4.70%,4.36%,3.43%,1.92%,-0.13%,-2.69%,-5.72%
1934-07-31,-11.52%,-22.67%,-33.35%,-43.47%,-52.95%,-61.72%,-69.72%,-76.93%,-83.31%,-88.86%
1934-08-31,5.41%,10.43%,14.99%,19.02%,22.48%,25.33%,27.52%,29.03%,29.84%,29.94%
1934-09-30,-0.77%,-1.98%,-3.63%,-5.69%,-8.15%,-10.97%,-14.13%,-17.59%,-21.31%,-25.26%
1934-10-31,-2.97%,-6.23%,-9.74%,-13.47%,-17.39%,-21.45%,-25.64%,-29.91%,-34.24%,-38.58%
1934-11-30,8.29%,16.86%,25.70%,34.76%,44.02%,53.42%,62.93%,72.49%,82.06%,91.57%
1934-12-31,-0.42%,-1.11%,-2.05%,-3.23%,-4.65%,-6.28%,-8.12%,-10.14%,-12.34%,-14.70%
1935-01-31,-4.21%,-8.45%,-12.70%,-16.96%,-21.19%,-25.40%,-29.56%,-33.66%,-37.70%,-41.65%
1935-02-28,-3.96%,-8.00%,-12.11%,-16.25%,-20.41%,-24.56%,-28.68%,-32.76%,-36.77%,-40.70%
1935-03-31,-3.32%,-6.93%,-10.80%,-14.89%,-19.17%,-23.59%,-28.12%,-32.72%,-37.35%,-41.98%
1935-04-30,9.82%,17.83%,23.28%,25.28%,22.86%,14.92%,0.22%,-22.56%,-54.89%,-98.36%
1935-05-31,3.23%,4.98%,5.19%,3.84%,0.91%,-3.60%,-9.66%,-17.23%,-26.26%,-36.65%
1935-06-30,6.89%,13.98%,21.26%,28.71%,36.30%,44.03%,51.87%,59.79%,67.77%,75.79%
1935-07-31,8.20%,16.85%,25.95%,35.49%,45.50%,55.96%,66.87%,78.23%,90.04%,102.29%
1935-08-31,1.44%,1.37%,-0.30%,-3.64%,-8.70%,-15.50%,-24.03%,-34.27%,-46.16%,-59.62%
1935-09-30,3.11%,6.04%,8.74%,11.20%,13.39%,15.28%,16.84%,18.06%,18.90%,19.35%
1935-10-31,7.51%,15.09%,22.70%,30.25%,37.68%,44.90%,51.83%,58.36%,64.41%,69.86%
1935-11-30,3.85%,7.59%,11.19%,14.63%,17.89%,20.95%,23.78%,26.36%,28.68%,30.71%
1935-12-31,3.79%,7.21%,10.22%,12.78%,14.87%,16.44%,17.47%,17.94%,17.83%,17.12%
1936-01-31,6.55%,13.30%,20.23%,27.33%,34.59%,41.98%,49.48%,57.08%,64.76%,72.48%
1936-02-29,2.03%,3.90%,5.60%,7.14%,8.50%,9.67%,10.66%,11.45%,12.05%,12.45%
1936-03-31,2.19%,3.90%,5.09%,5.72%,5.76%,5.19%,3.98%,2.12%,-0.38%,-3.54%
1936-04-30,-7.71%,-15.33%,-22.82%,-30.11%,-37.14%,-43.88%,-50.28%,-56.31%,-61.94%,-67.16%
1936-05-31,4.58%,9.07%,13.46%,17.72%,21.81%,25.70%,29.37%,32.78%,35.91%,38.72%
1936-06-30,3.06%,6.01%,8.86%,11.59%,14.19%,16.65%,18.95%,21.09%,23.06%,24.85%
1936-07-31,6.81%,13.88%,21.21%,28.79%,36.63%,44.71%,53.01%,61.54%,70.28%,79.22%
1936-08-31,0.88%,1.50%,1.84%,1.90%,1.67%,1.15%,0.33%,-0.78%,-2.20%,-3.91%
1936-09-30,0.13%,-0.56%,-2.07%,-4.40%,-7.53%,-11.47%,-16.18%,-21.66%,-27.86%,-34.76%
1936-10-31,7.62%,15.58%,23.86%,32.45%,41.34%,50.50%,59.90%,69.52%,79.31%,89.23%
1936-11-30,0.29%,0.37%,0.23%,-0.11%,-0.67%,-1.42%,-2.37%,-3.51%,-4.84%,-6.34%
1936-12-31,-0.58%,-1.32%,-2.22%,-3.28%,-4.50%,-5.86%,-7.37%,-9.02%,-10.79%,-12.70%
1937-01-31,3.43%,6.83%,10.17%,13.44%,16.65%,19.77%,22.80%,25.72%,28.52%,31.20%
1937-02-28,1.63%,3.13%,4.49%,5.71%,6.76%,7.65%,8.36%,8.89%,9.23%,9.37%
1937-03-31,-0.78%,-1.85%,-3.22%,-4.88%,-6.81%,-9.01%,-11.47%,-14.16%,-17.08%,-20.20%
1937-04-30,-8.31%,-16.44%,-24.32%,-31.91%,-39.16%,-46.04%,-52.50%,-58.54%,-64.14%,-69.28%
1937-05-31,-1.03%,-2.41%,-4.13%,-6.17%,-8.52%,-11.16%,-14.09%,-17.27%,-20.70%,-24.33%
1937-06-30,-5.29%,-10.64%,-16.03%,-21.41%,-26.76%,-32.05%,-37.26%,-42.35%,-47.30%,-52.09%
1937-07-31,8.90%,18.27%,28.13%,38.46%,49.28%,60.56%,72.32%,84.53%,97.18%,110.26%
1937-08-31,-4.35%,-8.73%,-13.10%,-17.46%,-21.78%,-26.05%,-30.26%,-34.38%,-38.42%,-42.35%
1937-09-30,-14.21%,-27.52%,-39.75%,-50.79%,-60.56%,-69.04%,-76.26%,-82.25%,-87.12%,-90.96%
1937-10-31,-10.25%,-21.51%,-33.27%,-45.05%,-56.41%,-66.96%,-76.40%,-84.52%,-91.20%,-96.38%
1937-11-30,-10.04%,-20.43%,-30.85%,-40.98%,-50.59%,-59.48%,-67.51%,-74.58%,-80.67%,-85.76%
1937-12-31,-5.04%,-10.50%,-16.28%,-22.31%,-28.50%,-34.77%,-41.02%,-47.17%,-53.17%,-58.92%
1938-01-31,1.33%,1.26%,-0.13%,-2.73%,-6.43%,-11.08%,-16.50%,-22.54%,-29.02%,-35.78%
1938-02-28,6.08%,11.72%,16.81%,21.27%,25.01%,27.95%,30.03%,31.17%,31.34%,30.49%
1938-03-31,-25.04%,-44.67%,-59.83%,-71.36%,-79.99%,-86.32%,-90.89%,-94.10%,-96.31%,-97.78%
1938-04-30,15.06%,30.75%,46.80%,62.90%,78.70%,93.81%,107.84%,120.39%,131.07%,139.52%
1938-05-31,-5.21%,-10.76%,-16.53%,-22.44%,-28.40%,-34.33%,-40.16%,-45.84%,-51.30%,-56.51%
1938-06-30,24.70%,53.85%,87.87%,127.20%,172.22%,223.26%,280.57%,344.31%,414.51%,491.07%
1938-07-31,6.66%,13.07%,19.16%,24.83%,30.01%,34.62%,38.59%,41.86%,44.36%,46.05%
1938-08-31,-2.19%,-4.96%,-8.30%,-12.17%,-16.54%,-21.38%,-26.62%,-32.23%,-38.13%,-44.28%
1938-09-30,1.49%,1.54%,0.10%,-2.78%,-7.06%,-12.60%,-19.26%,-26.83%,-35.10%,-43.83%
1938-10-31,7.60%,13.88%,18.51%,21.13%,21.41%,18.98%,13.50%,4.65%,-7.89%,-24.39%
1938-11-30,-3.34%,-7.04%,-11.06%,-15.36%,-19.89%,-24.61%,-29.47%,-34.42%,-39.42%,-44.43%
1938-12-31,3.22%,6.30%,9.23%,12.00%,14.57%,16.96%,19.13%,21.09%,22.81%,24.29%
1939-01-31,-6.39%,-13.20%,-20.33%,-27.68%,-35.16%,-42.67%,-50.11%,-57.40%,-64.45%,-71.18%
1939-02-28,3.25%,6.33%,9.22%,11.90%,14.35%,16.55%,18.50%,20.17%,21.55%,22.64%
1939-03-31,-13.54%,-25.91%,-37.09%,-47.11%,-56.01%,-63.83%,-70.62%,-76.45%,-81.41%,-85.56%
1939-04-30,-0.46%,-1.44%,-2.96%,-4.99%,-7.51%,-10.50%,-13.92%,-17.74%,-21.91%,-26.38%
1939-05-31,6.13%,12.23%,18.25%,24.15%,29.89%,35.41%,40.68%,45.64%,50.25%,54.44%
1939-06-30,-6.38%,-12.65%,-18.79%,-24.77%,-30.57%,-36.17%,-41.56%,-46.72%,-51.64%,-56.30%
1939-07-31,10.87%,22.41%,34.62%,47.51%,61.04%,75.22%,90.01%,105.39%,121.32%,137.77%
1939-08-31,-7.14%,-14.32%,-21.44%,-28.45%,-35.26%,-41.84%,-48.12%,-54.07%,-59.65%,-64.84%
1939-09-30,14.40%,28.67%,42.57%,55.82%,68.16%,79.30%,88.96%,96.84%,102.66%,106.14%
1939-10-31,0.31%,0.47%,0.49%,0.35%,0.08%,-0.33%,-0.88%,-1.55%,-2.35%,-3.27%
1939-11-30,-4.91%,-9.69%,-14.35%,-18.86%,-23.25%,-27.49%,-31.59%,-35.54%,-39.36%,-43.03%
1939-12-31,2.13%,4.21%,6.24%,8.20%,10.11%,11.95%,13.72%,15.42%,17.05%,18.60%
1940-01-31,-3.29%,-6.62%,-9.96%,-13.33%,-16.70%,-20.07%,-23.43%,-26.76%,-30.07%,-33.35%
1940-02-29,0.66%,1.29%,1.88%,2.43%,2.94%,3.42%,3.85%,4.25%,4.61%,4.92%
1940-03-31,0.41%,0.76%,1.04%,1.25%,1.40%,1.47%,1.49%,1.43%,1.30%,1.11%
1940-04-30,0.08%,0.05%,-0.11%,-0.37%,-0.76%,-1.26%,-1.88%,-2.60%,-3.44%,-4.39%
1940-05-31,-23.95%,-43.35%,-58.77%,-70.80%,-79.96%,-86.76%,-91.64%,-95.02%,-97.25%,-98.63%
1940-06-30,7.66%,14.79%,21.26%,26.91%,31.60%,35.23%,37.68%,38.86%,38.73%,37.23%
1940-07-31,3.11%,6.17%,9.20%,12.17%,15.09%,17.95%,20.74%,23.45%,26.09%,28.64%
1940-08-31,2.04%,3.76%,5.13%,6.11%,6.70%,6.86%,6.57%,5.82%,4.59%,2.85%
1940-09-30,1.52%,2.71%,3.54%,4.01%,4.10%,3.82%,3.15%,2.10%,0.67%,-1.14%
1940-10-31,3.94%,7.88%,11.81%,15.71%,19.58%,23.41%,27.17%,30.86%,34.47%,37.98%
1940-11-30,-4.60%,-9.50%,-14.63%,-19.89%,-25.23%,-30.60%,-35.92%,-41.17%,-46.29%,-51.24%
1940-12-31,0.09%,0.13%,0.11%,0.03%,-0.11%,-0.30%,-0.56%,-0.87%,-1.23%,-1.66%
1941-01-31,-4.82%,-9.58%,-14.26%,-18.85%,-23.35%,-27.74%,-32.01%,-36.16%,-40.18%,-44.06%
1941-02-28,-1.49%,-3.23%,-5.20%,-7.41%,-9.84%,-12.48%,-15.31%,-18.33%,-21.51%,-24.85%
1941-03-31,0.40%,0.66%,0.77%,0.73%,0.56%,0.24%,-0.22%,-0.82%,-1.55%,-2.41%
1941-04-30,-6.53%,-12.78%,-18.76%,-24.47%,-29.90%,-35.07%,-39.97%,-44.62%,-49.00%,-53.14%
1941-05-31,0.75%,1.37%,1.84%,2.17%,2.35%,2.39%,2.29%,2.04%,1.65%,1.11%
1941-06-30,5.01%,10.11%,15.29%,20.54%,25.86%,31.23%,36.65%,42.10%,47.58%,53.08%
1941-07-31,5.48%,11.10%,16.85%,22.73%,28.73%,34.85%,41.08%,47.41%,53.83%,60.35%
1941-08-31,-1.06%,-2.16%,-3.31%,-4.49%,-5.71%,-6.98%,-8.27%,-9.61%,-10.97%,-12.37%
1941-09-30,-0.78%,-1.65%,-2.63%,-3.69%,-4.84%,-6.08%,-7.40%,-8.79%,-10.26%,-11.80%
1941-10-31,-6.86%,-13.37%,-19.53%,-25.36%,-30.87%,-36.06%,-40.95%,-45.54%,-49.86%,-53.91%
1941-11-30,-4.00%,-7.96%,-11.88%,-15.74%,-19.55%,-23.30%,-26.98%,-30.59%,-34.12%,-37.58%
1941-12-31,-4.71%,-9.75%,-15.03%,-20.49%,-26.06%,-31.68%,-37.30%,-42.86%,-48.30%,-53.59%
1942-01-31,1.84%,3.48%,4.92%,6.14%,7.15%,7.94%,8.52%,8.87%,9.01%,8.93%
1942-02-28,-2.94%,-5.90%,-8.89%,-11.88%,-14.89%,-17.90%,-20.91%,-23.91%,-26.90%,-29.88%
1942-03-31,-6.75%,-13.32%,-19.67%,-25.80%,-31.69%,-37.32%,-42.68%,-47.77%,-52.58%,-57.10%
1942-04-30,-4.37%,-8.77%,-13.17%,-17.57%,-21.95%,-26.28%,-30.56%,-34.78%,-38.91%,-42.95%
1942-05-31,6.40%,13.01%,19.83%,26.86%,34.07%,41.47%,49.05%,56.77%,64.64%,72.64%
1942-06-30,1.84%,3.57%,5.17%,6.65%,7.99%,9.19%,10.25%,11.15%,11.90%,12.49%
1942-07-31,3.13%,6.14%,9.02%,11.75%,14.32%,16.71%,18.92%,20.94%,22.74%,24.33%
1942-08-31,0.70%,1.34%,1.93%,2.45%,2.91%,3.30%,3.63%,3.89%,4.08%,4.21%
1942-09-30,2.67%,5.35%,8.05%,10.76%,13.48%,16.21%,18.94%,21.68%,24.43%,27.17%
1942-10-31,5.76%,11.71%,17.84%,24.15%,30.63%,37.27%,44.07%,51.03%,58.12%,65.34%
1942-11-30,-0.75%,-1.60%,-2.56%,-3.62%,-4.78%,-6.03%,-7.37%,-8.80%,-10.31%,-11.90%
1942-12-31,5.17%,10.52%,16.06%,21.79%,27.72%,33.84%,40.16%,46.68%,53.41%,60.34%
1943-01-31,6.86%,14.08%,21.67%,29.65%,38.03%,46.82%,56.03%,65.68%,75.78%,86.33%
1943-02-28,5.08%,10.29%,15.65%,21.13%,26.75%,32.49%,38.36%,44.33%,50.42%,56.61%
1943-03-31,5.56%,11.28%,17.15%,23.16%,29.32%,35.62%,42.05%,48.61%,55.28%,62.07%
1943-04-30,0.09%,-0.07%,-0.49%,-1.18%,-2.16%,-3.43%,-5.01%,-6.90%,-9.14%,-11.71%
1943-05-31,3.97%,7.94%,11.90%,15.84%,19.75%,23.61%,27.41%,31.14%,34.78%,38.32%
1943-06-30,2.49%,4.92%,7.28%,9.57%,11.77%,13.90%,15.93%,17.86%,19.70%,21.42%
1943-07-31,-4.05%,-8.14%,-12.25%,-16.39%,-20.53%,-24.66%,-28.78%,-32.86%,-36.91%,-40.91%
1943-08-31,-0.42%,-1.11%,-2.06%,-3.27%,-4.75%,-6.48%,-8.47%,-10.71%,-13.19%,-15.90%
1943-09-30,2.37%,4.74%,7.09%,9.42%,11.74%,14.03%,16.30%,18.54%,20.76%,22.94%
1943-10-31,-1.41%,-2.86%,-4.36%,-5.90%,-7.48%,-9.10%,-10.76%,-12.45%,-14.17%,-15.92%
1943-11-30,-7.47%,-14.55%,-21.25%,-27.56%,-33.52%,-39.12%,-44.37%,-49.30%,-53.90%,-58.20%
1943-12-31,5.90%,12.04%,18.41%,25.04%,31.91%,39.04%,46.41%,54.05%,61.94%,70.08%
1944-01-31,1.54%,3.05%,4.52%,5.94%,7.33%,8.67%,9.97%,11.22%,12.42%,13.57%
1944-02-29,-0.25%,-0.57%,-0.96%,-1.41%,-1.92%,-2.50%,-3.14%,-3.84%,-4.60%,-5.42%
1944-03-31,1.69%,3.34%,4.95%,6.50%,8.00%,9.45%,10.84%,12.17%,13.44%,14.64%
1944-04-30,-1.25%,-2.55%,-3.90%,-5.31%,-6.76%,-8.26%,-9.81%,-11.40%,-13.03%,-14.71%
1944-05-31,4.04%,8.21%,12.51%,16.95%,21.51%,26.21%,31.06%,36.04%,41.17%,46.44%
1944-06-30,5.10%,10.36%,15.77%,21.35%,27.08%,32.97%,39.02%,45.23%,51.59%,58.11%
1944-07-31,-2.08%,-4.20%,-6.36%,-8.55%,-10.77%,-13.01%,-15.27%,-17.55%,-19.85%,-22.15%
1944-08-31,0.87%,1.68%,2.45%,3.18%,3.85%,4.46%,5.03%,5.54%,6.00%,6.40%
1944-09-30,-0.62%,-1.36%,-2.21%,-3.16%,-4.23%,-5.41%,-6.71%,-8.11%,-9.62%,-11.24%
1944-10-31,0.31%,0.57%,0.75%,0.88%,0.93%,0.92%,0.84%,0.69%,0.47%,0.18%
1944-11-30,0.39%,0.74%,1.04%,1.29%,1.50%,1.66%,1.77%,1.83%,1.84%,1.80%
1944-12-31,3.51%,7.06%,10.64%,14.26%,17.92%,21.60%,25.31%,29.03%,32.78%,36.54%
1945-01-31,1.43%,2.80%,4.09%,5.32%,6.47%,7.54%,8.53%,9.44%,10.27%,11.01%
1945-02-28,6.16%,12.62%,19.40%,26.50%,33.93%,41.70%,49.83%,58.33%,67.20%,76.47%
1945-03-31,-4.83%,-9.62%,-14.36%,-19.04%,-23.66%,-28.19%,-32.63%,-36.97%,-41.19%,-45.30%
1945-04-30,9.04%,18.73%,29.10%,40.19%,52.03%,64.66%,78.12%,92.44%,107.66%,123.81%
1945-05-31,1.15%,2.22%,3.21%,4.12%,4.95%,5.70%,6.36%,6.93%,7.41%,7.80%
1945-06-30,-0.93%,-1.93%,-2.99%,-4.11%,-5.29%,-6.53%,-7.84%,-9.20%,-10.63%,-12.12%
1945-07-31,-1.41%,-2.98%,-4.69%,-6.55%,-8.54%,-10.67%,-12.93%,-15.30%,-17.78%,-20.37%
1945-08-31,5.80%,11.72%,17.75%,23.88%,30.09%,36.36%,42.67%,49.00%,55.34%,61.65%
1945-09-30,3.48%,6.93%,10.33%,13.67%,16.94%,20.12%,23.21%,26.19%,29.04%,31.75%
1945-10-31,3.74%,7.48%,11.20%,14.91%,18.59%,22.24%,25.83%,29.36%,32.83%,36.21%
1945-11-30,3.24%,6.46%,9.65%,12.79%,15.89%,18.93%,21.90%,24.80%,27.61%,30.34%
1945-12-31,0.99%,1.80%,2.43%,2.87%,3.12%,3.18%,3.05%,2.72%,2.20%,1.49%
1946-01-31,6.97%,14.09%,21.32%,28.62%,35.97%,43.30%,50.56%,57.71%,64.67%,71.37%
1946-02-28,-6.95%,-13.93%,-20.89%,-27.78%,-34.54%,-41.13%,-47.50%,-53.61%,-59.43%,-64.91%
1946-03-31,4.40%,8.81%,13.21%,17.60%,21.97%,26.29%,30.56%,34.76%,38.87%,42.90%
1946-04-30,3.99%,8.02%,12.09%,16.19%,20.31%,24.45%,28.60%,32.76%,36.92%,41.07%
1946-05-31,2.24%,4.41%,6.50%,8.51%,10.44%,12.28%,14.02%,15.67%,17.21%,18.65%
1946-06-30,-3.91%,-7.80%,-11.66%,-15.49%,-19.28%,-23.01%,-26.69%,-30.31%,-33.86%,-37.34%
1946-07-31,-2.55%,-5.20%,-7.94%,-10.78%,-13.69%,-16.68%,-19.75%,-22.87%,-26.06%,-29.29%
1946-08-31,-7.29%,-14.22%,-20.80%,-27.02%,-32.91%,-38.46%,-43.70%,-48.62%,-53.24%,-57.57%
1946-09-30,-10.15%,-21.19%,-32.75%,-44.47%,-55.96%,-66.89%,-76.94%,-85.85%,-93.42%,-99.52%
1946-10-31,-0.80%,-2.14%,-3.99%,-6.31%,-9.05%,-12.17%,-15.62%,-19.36%,-23.33%,-27.50%
1946-11-30,-1.08%,-2.51%,-4.31%,-6.46%,-8.97%,-11.83%,-15.04%,-18.58%,-22.44%,-26.62%
1946-12-31,4.22%,8.31%,12.23%,15.99%,19.56%,22.92%,26.07%,29.00%,31.68%,34.11%
1947-01-31,2.35%,4.53%,6.51%,8.27%,9.81%,11.10%,12.12%,12.86%,13.31%,13.44%
1947-02-28,-1.47%,-3.04%,-4.72%,-6.49%,-8.35%,-10.29%,-12.31%,-14.40%,-16.55%,-18.76%
1947-03-31,-1.69%,-3.57%,-5.66%,-7.94%,-10.39%,-13.02%,-15.81%,-18.75%,-21.83%,-25.03%
1947-04-30,-3.89%,-7.93%,-12.09%,-16.36%,-20.72%,-25.14%,-29.61%,-34.10%,-38.60%,-43.09%
1947-05-31,-0.89%,-2.03%,-3.40%,-5.00%,-6.83%,-8.86%,-11.10%,-13.52%,-16.12%,-18.88%
1947-06-30,5.26%,10.58%,15.96%,21.37%,26.80%,32.22%,37.62%,42.98%,48.27%,53.47%
1947-07-31,3.62%,7.16%,10.61%,13.94%,17.16%,20.23%,23.13%,25.86%,28.39%,30.70%
1947-08-31,-2.79%,-5.59%,-8.38%,-11.16%,-13.94%,-16.71%,-19.46%,-22.19%,-24.91%,-27.60%
1947-09-30,-1.37%,-2.85%,-4.44%,-6.14%,-7.93%,-9.81%,-11.78%,-13.83%,-15.96%,-18.15%
1947-10-31,2.12%,4.18%,6.18%,8.12%,9.98%,11.78%,13.49%,15.12%,16.67%,18.13%
1947-11-30,-2.92%,-5.79%,-8.63%,-11.42%,-14.17%,-16.87%,-19.53%,-22.14%,-24.71%,-27.23%
1947-12-31,2.14%,4.21%,6.22%,8.15%,10.00%,11.77%,13.45%,15.03%,16.50%,17.87%
1948-01-31,-4.05%,-8.04%,-11.95%,-15.78%,-19.54%,-23.21%,-26.79%,-30.29%,-33.69%,-37.00%
1948-02-29,-5.11%,-10.27%,-15.47%,-20.68%,-25.89%,-31.08%,-36.23%,-41.32%,-46.34%,-51.26%
1948-03-31,8.26%,16.95%,26.09%,35.67%,45.70%,56.17%,67.09%,78.45%,90.23%,102.44%
1948-04-30,2.65%,5.32%,7.99%,10.68%,13.36%,16.05%,18.73%,21.40%,24.06%,26.70%
1948-05-31,7.82%,16.09%,24.83%,34.06%,43.79%,54.04%,64.81%,76.13%,88.01%,100.46%
1948-06-30,0.30%,0.51%,0.64%,0.68%,0.64%,0.51%,0.29%,-0.01%,-0.40%,-0.87%
1948-07-31,-5.32%,-10.59%,-15.82%,-20.96%,-26.02%,-30.98%,-35.82%,-40.53%,-45.09%,-49.50%
1948-08-31,0.76%,1.40%,1.93%,2.35%,2.65%,2.83%,2.89%,2.83%,2.65%,2.34%
1948-09-30,-3.01%,-6.14%,-9.40%,-12.75%,-16.20%,-19.73%,-23.31%,-26.94%,-30.61%,-34.29%
1948-10-31,6.52%,13.38%,20.58%,28.14%,36.07%,44.39%,53.10%,62.23%,71.78%,81.76%
1948-11-30,-10.61%,-20.61%,-30.00%,-38.75%,-46.86%,-54.32%,-61.13%,-67.30%,-72.85%,-77.78%
1948-12-31,3.05%,6.10%,9.15%,12.19%,15.22%,18.23%,21.23%,24.20%,27.15%,30.06%
1949-01-31,0.13%,-0.00%,-0.41%,-1.08%,-2.03%,-3.25%,-4.73%,-6.47%,-8.47%,-10.71%
1949-02-28,-3.94%,-7.88%,-11.81%,-15.72%,-19.60%,-23.44%,-27.23%,-30.96%,-34.63%,-38.23%
1949-03-31,3.01%,5.99%,8.94%,11.85%,14.72%,17.54%,20.30%,23.01%,25.65%,28.22%
1949-04-30,-2.32%,-4.64%,-6.95%,-9.25%,-11.54%,-13.83%,-16.09%,-18.35%,-20.59%,-22.82%
1949-05-31,-3.54%,-7.04%,-10.51%,-13.94%,-17.34%,-20.68%,-23.99%,-27.24%,-30.43%,-33.57%
1949-06-30,-0.21%,-0.58%,-1.11%,-1.80%,-2.63%,-3.62%,-4.76%,-6.05%,-7.47%,-9.03%
1949-07-31,6.21%,12.75%,19.61%,26.81%,34.37%,42.29%,50.60%,59.31%,68.42%,77.97%
1949-08-31,1.20%,2.30%,3.32%,4.23%,5.05%,5.77%,6.38%,6.88%,7.28%,7.57%
1949-09-30,2.37%,4.64%,6.80%,8.85%,10.77%,12.55%,14.19%,15.66%,16.97%,18.09%
1949-10-31,2.95%,5.93%,8.94%,11.97%,15.02%,18.09%,21.17%,24.27%,27.37%,30.48%
1949-11-30,0.12%,0.16%,0.11%,-0.04%,-0.27%,-0.59%,-1.01%,-1.51%,-2.11%,-2.79%
1949-12-31,4.55%,9.25%,14.11%,19.13%,24.31%,29.67%,35.19%,40.89%,46.77%,52.82%
1950-01-31,1.55%,3.02%,4.40%,5.69%,6.89%,7.99%,8.98%,9.86%,10.62%,11.27%
1950-02-28,1.00%,1.96%,2.89%,3.78%,4.63%,5.45%,6.22%,6.96%,7.65%,8.30%
1950-03-31,0.41%,0.76%,1.08%,1.34%,1.55%,1.71%,1.83%,1.89%,1.90%,1.87%
1950-04-30,3.88%,7.82%,11.84%,15.93%,20.08%,24.30%,28.58%,32.92%,37.31%,41.76%
1950-05-31,4.57%,9.26%,14.09%,19.05%,24.13%,29.35%,34.69%,40.16%,45.76%,51.48%
1950-06-30,-5.80%,-11.82%,-17.99%,-24.29%,-30.67%,-37.07%,-43.45%,-49.75%,-55.94%,-61.96%
1950-07-31,0.85%,1.37%,1.56%,1.42%,0.94%,0.13%,-1.01%,-2.49%,-4.27%,-6.37%
1950-08-31,3.25%,6.49%,9.71%,12.91%,16.07%,19.19%,22.26%,25.28%,28.24%,31.12%
1950-09-30,5.59%,11.36%,17.30%,23.42%,29.69%,36.13%,42.71%,49.44%,56.30%,63.29%
1950-10-31,0.41%,0.66%,0.74%,0.65%,0.40%,-0.03%,-0.62%,-1.39%,-2.32%,-3.41%
1950-11-30,-0.10%,-0.47%,-1.11%,-2.03%,-3.23%,-4.70%,-6.46%,-8.50%,-10.81%,-13.39%
1950-12-31,4.72%,9.30%,13.73%,17.94%,21.91%,25.58%,28.91%,31.86%,34.36%,36.38%
1951-01-31,6.02%,12.21%,18.56%,25.06%,31.71%,38.48%,45.37%,52.36%,59.45%,66.60%
1951-02-28,0.65%,1.23%,1.75%,2.21%,2.61%,2.93%,3.20%,3.39%,3.51%,3.56%
1951-03-31,-1.47%,-3.02%,-4.65%,-6.35%,-8.13%,-9.96%,-11.86%,-13.82%,-15.83%,-17.88%
1951-04-30,4.42%,8.96%,13.61%,18.38%,23.26%,28.25%,33.36%,38.57%,43.89%,49.32%
1951-05-31,-4.06%,-8.08%,-12.07%,-16.01%,-19.89%,-23.72%,-27.48%,-31.16%,-34.77%,-38.30%
1951-06-30,-2.60%,-5.24%,-7.90%,-10.59%,-13.30%,-16.01%,-18.74%,-21.46%,-24.18%,-26.89%
1951-07-31,6.87%,14.06%,21.57%,29.42%,37.59%,46.09%,54.93%,64.10%,73.60%,83.43%
1951-08-31,3.93%,7.95%,12.07%,16.29%,20.59%,25.00%,29.50%,34.09%,38.77%,43.55%
1951-09-30,-0.09%,-0.20%,-0.33%,-0.50%,-0.68%,-0.89%,-1.13%,-1.39%,-1.68%,-1.99%
1951-10-31,-1.38%,-2.87%,-4.49%,-6.23%,-8.07%,-10.03%,-12.08%,-14.24%,-16.49%,-18.83%
1951-11-30,-0.26%,-0.61%,-1.03%,-1.54%,-2.13%,-2.80%,-3.55%,-4.38%,-5.28%,-6.25%
1951-12-31,3.89%,7.89%,12.00%,16.22%,20.55%,25.00%,29.56%,34.25%,39.05%,43.97%
1952-01-31,1.56%,3.08%,4.56%,6.01%,7.41%,8.76%,10.07%,11.33%,12.53%,13.68%
1952-02-29,-3.65%,-7.23%,-10.74%,-14.18%,-17.56%,-20.86%,-24.09%,-27.25%,-30.34%,-33.35%
1952-03-31,4.77%,9.70%,14.79%,20.05%,25.47%,31.06%,36.82%,42.75%,48.86%,55.14%
1952-04-30,-4.31%,-8.50%,-12.57%,-16.51%,-20.34%,-24.05%,-27.64%,-31.12%,-34.48%,-37.72%
1952-05-31,2.32%,4.63%,6.95%,9.26%,11.57%,13.88%,16.18%,18.47%,20.76%,23.03%
1952-06-30,4.61%,9.40%,14.37%,19.53%,24.88%,30.43%,36.19%,42.16%,48.34%,54.75%
1952-07-31,1.76%,3.52%,5.27%,7.02%,8.76%,10.49%,12.20%,13.91%,15.60%,17.28%
1952-08-31,-1.46%,-2.92%,-4.39%,-5.86%,-7.33%,-8.81%,-10.29%,-11.77%,-13.25%,-14.74%
1952-09-30,-1.96%,-3.92%,-5.88%,-7.84%,-9.81%,-11.77%,-13.72%,-15.67%,-17.62%,-19.56%
1952-10-31,-0.08%,-0.26%,-0.54%,-0.92%,-1.40%,-1.98%,-2.65%,-3.42%,-4.29%,-5.24%
1952-11-30,4.65%,9.47%,14.46%,19.63%,24.98%,30.51%,36.24%,42.16%,48.28%,54.61%
1952-12-31,3.55%,7.19%,10.93%,14.77%,18.72%,22.76%,26.92%,31.18%,35.54%,40.02%
1953-01-31,-0.72%,-1.47%,-2.25%,-3.07%,-3.93%,-4.82%,-5.74%,-6.69%,-7.67%,-8.69%
1953-02-28,-1.82%,-3.75%,-5.79%,-7.95%,-10.20%,-12.56%,-15.03%,-17.59%,-20.25%,-23.00%
1953-03-31,-2.36%,-4.72%,-7.09%,-9.47%,-11.86%,-14.24%,-16.62%,-19.00%,-21.37%,-23.74%
1953-04-30,-2.65%,-5.35%,-8.10%,-10.88%,-13.71%,-16.56%,-19.44%,-22.34%,-25.26%,-28.19%
1953-05-31,-0.32%,-0.70%,-1.13%,-1.62%,-2.15%,-2.73%,-3.36%,-4.04%,-4.76%,-5.54%
1953-06-30,-1.63%,-3.34%,-5.11%,-6.96%,-8.87%,-10.85%,-12.88%,-14.96%,-17.09%,-19.27%
1953-07-31,2.53%,5.06%,7.59%,10.13%,12.66%,15.18%,17.70%,20.21%,22.70%,25.17%
1953-08-31,-5.78%,-11.28%,-16.52%,-21.50%,-26.24%,-30.75%,-35.03%,-39.09%,-42.94%,-46.59%
1953-09-30,0.13%,0.15%,0.06%,-0.14%,-0.45%,-0.88%,-1.41%,-2.06%,-2.83%,-3.70%
1953-10-31,5.10%,10.39%,15.89%,21.59%,27.51%,33.64%,39.99%,46.57%,53.39%,60.44%
1953-11-30,0.90%,1.76%,2.57%,3.35%,4.09%,4.78%,5.43%,6.04%,6.59%,7.10%
1953-12-31,0.20%,0.36%,0.49%,0.57%,0.61%,0.61%,0.58%,0.50%,0.39%,0.23%
1954-01-31,5.12%,10.45%,15.99%,21.76%,27.75%,33.97%,40.44%,47.15%,54.12%,61.34%
1954-02-28,0.27%,0.50%,0.71%,0.88%,1.02%,1.12%,1.19%,1.23%,1.24%,1.21%
1954-03-31,3.02%,6.10%,9.23%,12.41%,15.64%,18.93%,22.27%,25.66%,29.11%,32.60%
1954-04-30,4.90%,9.96%,15.17%,20.55%,26.08%,31.77%,37.62%,43.63%,49.80%,56.12%
1954-05-31,3.29%,6.64%,10.05%,13.51%,17.04%,20.61%,24.24%,27.93%,31.67%,35.45%
1954-06-30,0.07%,0.04%,-0.08%,-0.30%,-0.63%,-1.05%,-1.58%,-2.22%,-2.96%,-3.82%
1954-07-31,5.72%,11.69%,17.94%,24.46%,31.27%,38.37%,45.77%,53.49%,61.52%,69.89%
1954-08-31,-3.40%,-6.79%,-10.18%,-13.54%,-16.88%,-20.19%,-23.46%,-26.69%,-29.88%,-33.01%
1954-09-30,8.31%,17.24%,26.81%,37.06%,48.05%,59.81%,72.38%,85.83%,100.19%,115.52%
1954-10-31,-1.95%,-3.91%,-5.88%,-7.86%,-9.85%,-11.84%,-13.83%,-15.82%,-17.82%,-19.81%
1954-11-30,8.08%,16.68%,25.81%,35.51%,45.79%,56.68%,68.21%,80.40%,93.28%,106.87%
1954-12-31,5.08%,10.22%,15.40%,20.62%,25.85%,31.09%,36.32%,41.52%,46.67%,51.77%
1955-01-31,1.81%,3.38%,4.71%,5.79%,6.59%,7.12%,7.35%,7.28%,6.91%,6.23%
1955-02-28,0.35%,0.64%,0.86%,1.01%,1.08%,1.09%,1.03%,0.90%,0.70%,0.43%
1955-03-31,-0.49%,-1.22%,-2.20%,-3.42%,-4.88%,-6.56%,-8.46%,-10.58%,-12.90%,-15.40%
1955-04-30,3.77%,7.62%,11.54%,15.53%,19.59%,23.72%,27.90%,32.15%,36.45%,40.81%
1955-05-31,-0.13%,-0.33%,-0.61%,-0.95%,-1.37%,-1.85%,-2.41%,-3.04%,-3.73%,-4.49%
1955-06-30,8.23%,16.90%,26.03%,35.61%,45.66%,56.17%,67.15%,78.59%,90.49%,102.84%
1955-07-31,6.07%,12.27%,18.59%,25.02%,31.55%,38.17%,44.86%,51.61%,58.40%,65.23%
1955-08-31,-0.78%,-1.67%,-2.66%,-3.76%,-4.97%,-6.27%,-7.66%,-9.15%,-10.74%,-12.41%
1955-09-30,1.13%,1.63%,1.40%,0.35%,-1.61%,-4.60%,-8.72%,-14.09%,-20.84%,-29.09%
1955-10-31,-3.05%,-6.25%,-9.61%,-13.10%,-16.70%,-20.41%,-24.20%,-28.06%,-31.96%,-35.90%
1955-11-30,7.49%,15.31%,23.48%,31.99%,40.84%,50.03%,59.56%,69.41%,79.60%,90.12%
1955-12-31,-0.07%,-0.22%,-0.46%,-0.78%,-1.18%,-1.66%,-2.23%,-2.86%,-3.58%,-4.36%
1956-01-31,-3.65%,-7.28%,-10.88%,-14.44%,-17.96%,-21.44%,-24.86%,-28.22%,-31.53%,-34.76%
1956-02-29,3.47%,6.94%,10.41%,13.86%,17.30%,20.72%,24.10%,27.45%,30.76%,34.01%
1956-03-31,6.93%,14.21%,21.87%,29.91%,38.34%,47.16%,56.40%,66.05%,76.11%,86.61%
1956-04-30,-0.21%,-0.49%,-0.86%,-1.31%,-1.84%,-2.44%,-3.13%,-3.89%,-4.72%,-5.63%
1956-05-31,-6.57%,-12.87%,-18.90%,-24.65%,-30.11%,-35.31%,-40.23%,-44.88%,-49.26%,-53.39%
1956-06-30,3.92%,7.86%,11.84%,15.82%,19.82%,23.81%,27.78%,31.73%,35.65%,39.52%
1956-07-31,5.15%,10.52%,16.09%,21.90%,27.93%,34.19%,40.70%,47.45%,54.46%,61.72%
1956-08-31,-3.81%,-7.62%,-11.43%,-15.23%,-19.00%,-22.73%,-26.41%,-30.03%,-33.58%,-37.07%
1956-09-30,-4.55%,-9.04%,-13.48%,-17.84%,-22.12%,-26.30%,-30.38%,-34.36%,-38.22%,-41.96%
1956-10-31,0.51%,0.86%,1.05%,1.09%,0.97%,0.70%,0.27%,-0.31%,-1.04%,-1.92%
1956-11-30,-1.10%,-2.35%,-3.75%,-5.30%,-6.97%,-8.77%,-10.68%,-12.69%,-14.80%,-16.99%
1956-12-31,3.53%,7.07%,10.64%,14.22%,17.80%,21.39%,24.97%,28.55%,32.12%,35.67%
1957-01-31,-4.18%,-8.27%,-12.26%,-16.17%,-19.97%,-23.68%,-27.29%,-30.80%,-34.21%,-37.51%
1957-02-28,-3.26%,-6.52%,-9.76%,-12.98%,-16.18%,-19.34%,-22.47%,-25.56%,-28.61%,-31.61%
1957-03-31,1.96%,3.93%,5.89%,7.86%,9.82%,11.77%,13.72%,15.67%,17.60%,19.53%
1957-04-30,3.70%,7.50%,11.41%,15.43%,19.57%,23.83%,28.20%,32.69%,37.31%,42.05%
1957-05-31,3.69%,7.47%,11.33%,15.28%,19.30%,23.40%,27.59%,31.85%,36.19%,40.60%
1957-06-30,-0.13%,-0.29%,-0.51%,-0.76%,-1.05%,-1.38%,-1.75%,-2.17%,-2.62%,-3.11%
1957-07-31,1.14%,2.24%,3.30%,4.32%,5.29%,6.22%,7.10%,7.93%,8.72%,9.45%
1957-08-31,-5.61%,-11.11%,-16.46%,-21.67%,-26.72%,-31.60%,-36.31%,-40.83%,-45.16%,-49.30%
1957-09-30,-6.19%,-12.14%,-17.84%,-23.30%,-28.51%,-33.49%,-38.23%,-42.74%,-47.02%,-51.07%
1957-10-31,-3.21%,-6.73%,-10.53%,-14.56%,-18.77%,-23.12%,-27.57%,-32.08%,-36.60%,-41.12%
1957-11-30,1.61%,2.90%,3.88%,4.52%,4.82%,4.78%,4.40%,3.67%,2.60%,1.19%
1957-12-31,-4.15%,-8.24%,-12.27%,-16.24%,-20.13%,-23.94%,-27.68%,-31.32%,-34.88%,-38.34%
1958-01-31,4.28%,8.65%,13.13%,17.71%,22.39%,27.15%,32.02%,36.97%,42.01%,47.13%
1958-02-28,-2.06%,-4.15%,-6.26%,-8.39%,-10.54%,-12.70%,-14.87%,-17.05%,-19.22%,-21.40%
1958-03-31,3.09%,6.21%,9.38%,12.58%,15.82%,19.09%,22.40%,25.74%,29.10%,32.50%
1958-04-30,3.18%,6.39%,9.62%,12.86%,16.12%,19.38%,22.65%,25.93%,29.20%,32.46%
1958-05-31,1.50%,2.97%,4.42%,5.84%,7.24%,8.61%,9.94%,11.24%,12.51%,13.74%
1958-06-30,2.61%,5.22%,7.82%,10.42%,13.00%,15.56%,18.11%,20.62%,23.11%,25.55%
1958-07-31,4.31%,8.74%,13.28%,17.95%,22.73%,27.62%,32.62%,37.74%,42.96%,48.30%
1958-08-31,1.19%,2.33%,3.43%,4.48%,5.49%,6.45%,7.35%,8.21%,9.01%,9.75%
1958-09-30,4.84%,9.86%,15.07%,20.48%,26.08%,31.89%,37.90%,44.13%,50.58%,57.25%
1958-10-31,2.54%,5.04%,7.52%,9.95%,12.35%,14.69%,16.98%,19.21%,21.38%,23.48%
1958-11-30,2.24%,4.39%,6.43%,8.36%,10.16%,11.84%,13.38%,14.78%,16.02%,17.09%
1958-12-31,5.20%,10.59%,16.18%,21.96%,27.94%,34.11%,40.50%,47.08%,53.87%,60.88%
1959-01-31,0.43%,0.81%,1.13%,1.39%,1.59%,1.73%,1.81%,1.83%,1.78%,1.66%
1959-02-28,-0.07%,-0.26%,-0.55%,-0.96%,-1.47%,-2.09%,-2.80%,-3.61%,-4.52%,-5.52%
1959-03-31,0.05%,0.06%,0.02%,-0.08%,-0.22%,-0.41%,-0.65%,-0.94%,-1.28%,-1.67%
1959-04-30,3.88%,7.85%,11.93%,16.10%,20.36%,24.73%,29.19%,33.74%,38.40%,43.15%
1959-05-31,1.89%,3.77%,5.63%,7.47%,9.28%,11.07%,12.83%,14.57%,16.27%,17.94%
1959-06-30,-0.36%,-0.80%,-1.34%,-1.96%,-2.66%,-3.45%,-4.31%,-5.26%,-6.28%,-7.38%
1959-07-31,3.49%,7.05%,10.68%,14.38%,18.15%,21.99%,25.89%,29.86%,33.89%,37.99%
1959-08-31,-1.50%,-3.10%,-4.78%,-6.53%,-8.37%,-10.28%,-12.26%,-14.30%,-16.40%,-18.55%
1959-09-30,-4.56%,-9.08%,-13.52%,-17.90%,-22.18%,-26.38%,-30.48%,-34.46%,-38.33%,-42.08%
1959-10-31,1.13%,2.20%,3.23%,4.20%,5.11%,5.97%,6.78%,7.52%,8.21%,8.83%
1959-11-30,1.32%,2.61%,3.86%,5.08%,6.25%,7.39%,8.49%,9.54%,10.55%,11.51%
1959-12-31,2.76%,5.57%,8.42%,11.32%,14.25%,17.24%,20.26%,23.33%,26.44%,29.59%
1960-01-31,-7.15%,-13.86%,-20.17%,-26.08%,-31.63%,-36.82%,-41.68%,-46.22%,-50.45%,-54.41%
1960-02-29,0.92%,1.73%,2.43%,3.01%,3.49%,3.85%,4.09%,4.22%,4.24%,4.14%
1960-03-31,-1.39%,-2.85%,-4.38%,-5.98%,-7.63%,-9.35%,-11.12%,-12.94%,-14.81%,-16.73%
1960-04-30,-1.75%,-3.56%,-5.42%,-7.33%,-9.28%,-11.27%,-13.29%,-15.34%,-17.41%,-19.50%
1960-05-31,2.69%,5.40%,8.14%,10.92%,13.72%,16.54%,19.39%,22.26%,25.16%,28.08%
1960-06-30,1.95%,3.89%,5.81%,7.72%,9.60%,11.47%,13.31%,15.13%,16.92%,18.68%
1960-07-31,-2.48%,-4.98%,-7.51%,-10.06%,-12.62%,-15.18%,-17.75%,-20.31%,-22.87%,-25.42%
1960-08-31,2.61%,5.22%,7.83%,10.44%,13.03%,15.61%,18.17%,20.71%,23.23%,25.71%
1960-09-30,-6.04%,-11.87%,-17.49%,-22.89%,-28.08%,-33.04%,-37.78%,-42.31%,-46.62%,-50.71%
1960-10-31,-0.24%,-0.61%,-1.10%,-1.70%,-2.43%,-3.28%,-4.24%,-5.31%,-6.49%,-7.78%
1960-11-30,4.03%,8.12%,12.27%,16.49%,20.76%,25.08%,29.45%,33.86%,38.32%,42.81%
1960-12-31,4.63%,9.42%,14.39%,19.52%,24.84%,30.34%,36.03%,41.91%,47.99%,54.26%
1961-01-31,6.32%,12.95%,19.92%,27.23%,34.90%,42.94%,51.36%,60.17%,69.38%,79.02%
1961-02-28,2.69%,5.39%,8.11%,10.83%,13.57%,16.31%,19.05%,21.80%,24.54%,27.28%
1961-03-31,2.55%,5.11%,7.68%,10.25%,12.83%,15.40%,17.97%,20.54%,23.10%,25.65%
1961-04-30,0.38%,0.42%,0.11%,-0.56%,-1.58%,-2.96%,-4.70%,-6.80%,-9.25%,-12.04%
1961-05-31,1.91%,3.82%,5.72%,7.62%,9.50%,11.38%,13.23%,15.08%,16.91%,18.72%
1961-06-30,-2.88%,-5.79%,-8.72%,-11.66%,-14.60%,-17.54%,-20.48%,-23.41%,-26.32%,-29.21%
1961-07-31,3.28%,6.60%,9.96%,13.36%,16.79%,20.25%,23.74%,27.26%,30.80%,34.36%
1961-08-31,1.96%,3.92%,5.88%,7.83%,9.77%,11.70%,13.62%,15.53%,17.43%,19.31%
1961-09-30,-1.97%,-4.01%,-6.13%,-8.31%,-10.55%,-12.85%,-15.19%,-17.58%,-20.01%,-22.46%
1961-10-31,2.83%,5.68%,8.54%,11.41%,14.29%,17.17%,20.05%,22.93%,25.81%,28.68%
1961-11-30,3.93%,7.99%,12.15%,16.44%,20.85%,25.38%,30.04%,34.83%,39.75%,44.80%
1961-12-31,0.32%,0.61%,0.86%,1.08%,1.27%,1.42%,1.53%,1.61%,1.65%,1.66%
1962-01-31,-3.79%,-7.51%,-11.16%,-14.73%,-18.24%,-21.66%,-25.01%,-28.28%,-31.47%,-34.57%
1962-02-28,1.63%,3.25%,4.88%,6.50%,8.12%,9.74%,11.35%,12.96%,14.56%,16.16%
1962-03-31,-0.59%,-1.20%,-1.83%,-2.49%,-3.17%,-3.87%,-4.60%,-5.34%,-6.11%,-6.90%
1962-04-30,-6.20%,-12.10%,-17.70%,-23.03%,-28.09%,-32.89%,-37.43%,-41.73%,-45.79%,-49.63%
1962-05-31,-8.60%,-17.32%,-26.02%,-34.60%,-42.94%,-50.95%,-58.55%,-65.69%,-72.31%,-78.38%
1962-06-30,-8.18%,-16.21%,-24.00%,-31.51%,-38.67%,-45.44%,-51.80%,-57.73%,-63.20%,-68.21%
1962-07-31,6.36%,12.91%,19.66%,26.58%,33.66%,40.89%,48.25%,55.71%,63.25%,70.86%
1962-08-31,1.53%,3.00%,4.41%,5.75%,7.02%,8.22%,9.35%,10.40%,11.38%,12.27%
1962-09-30,-4.82%,-9.52%,-14.09%,-18.53%,-22.85%,-27.03%,-31.08%,-34.99%,-38.77%,-42.42%
1962-10-31,0.44%,0.55%,0.31%,-0.27%,-1.17%,-2.40%,-3.94%,-5.77%,-7.89%,-10.28%
1962-11-30,10.16%,21.19%,33.17%,46.15%,60.21%,75.42%,91.85%,109.58%,128.70%,149.29%
1962-12-31,1.35%,2.65%,3.91%,5.12%,6.27%,7.38%,8.42%,9.41%,10.34%,11.21%
1963-01-31,4.91%,9.99%,15.24%,20.65%,26.24%,32.00%,37.93%,44.04%,50.33%,56.80%
1963-02-28,-2.89%,-5.72%,-8.52%,-11.26%,-13.96%,-16.62%,-19.22%,-21.78%,-24.29%,-26.75%
1963-03-31,3.55%,7.18%,10.90%,14.71%,18.62%,22.61%,26.69%,30.87%,35.13%,39.49%
1963-04-30,4.85%,9.90%,15.16%,20.64%,26.33%,32.26%,38.42%,44.82%,51.47%,58.39%
1963-05-31,1.43%,2.85%,4.27%,5.66%,7.05%,8.42%,9.77%,11.11%,12.44%,13.74%
1963-06-30,-2.02%,-4.02%,-6.01%,-7.98%,-9.94%,-11.87%,-13.79%,-15.69%,-17.57%,-19.43%
1963-07-31,-0.35%,-0.74%,-1.19%,-1.69%,-2.24%,-2.83%,-3.47%,-4.16%,-4.90%,-5.68%
1963-08-31,4.87%,9.95%,15.24%,20.74%,26.46%,32.42%,38.61%,45.04%,51.73%,58.68%
1963-09-30,-1.10%,-2.23%,-3.37%,-4.53%,-5.71%,-6.91%,-8.12%,-9.35%,-10.59%,-11.84%
1963-10-31,3.22%,6.48%,9.79%,13.12%,16.49%,19.89%,23.32%,26.77%,30.24%,33.73%
1963-11-30,-1.05%,-2.39%,-4.00%,-5.86%,-7.96%,-10.27%,-12.78%,-15.46%,-18.31%,-21.31%
1963-12-31,2.44%,4.92%,7.43%,9.96%,12.53%,15.12%,17.75%,20.40%,23.08%,25.79%
1964-01-31,2.69%,5.44%,8.24%,11.09%,14.00%,16.96%,19.98%,23.06%,26.19%,29.38%
1964-02-29,0.99%,1.98%,2.97%,3.96%,4.96%,5.95%,6.95%,7.95%,8.96%,9.96%
1964-03-31,1.52%,3.04%,4.58%,6.13%,7.69%,9.27%,10.85%,12.44%,14.04%,15.65%
1964-04-30,0.61%,1.19%,1.76%,2.30%,2.81%,3.31%,3.78%,4.22%,4.64%,5.03%
1964-05-31,1.15%,2.28%,3.40%,4.50%,5.59%,6.66%,7.72%,8.76%,9.78%,10.79%
1964-06-30,1.64%,3.27%,4.88%,6.48%,8.05%,9.61%,11.14%,12.65%,14.13%,15.58%
1964-07-31,1.82%,3.66%,5.51%,7.37%,9.24%,11.13%,13.02%,14.93%,16.84%,18.76%
1964-08-31,-1.62%,-3.26%,-4.91%,-6.58%,-8.26%,-9.95%,-11.64%,-13.35%,-15.06%,-16.78%
1964-09-30,2.87%,5.81%,8.81%,11.88%,15.01%,18.22%,21.49%,24.83%,28.25%,31.74%
1964-10-31,0.81%,1.60%,2.39%,3.16%,3.91%,4.65%,5.38%,6.09%,6.79%,7.47%
1964-11-30,-0.52%,-1.06%,-1.61%,-2.18%,-2.78%,-3.38%,-4.01%,-4.65%,-5.31%,-5.99%
1964-12-31,0.39%,0.75%,1.07%,1.36%,1.61%,1.82%,2.00%,2.15%,2.25%,2.32%
1965-01-31,3.32%,6.72%,10.23%,13.82%,17.52%,21.32%,25.22%,29.22%,33.33%,37.55%
1965-02-28,-0.15%,-0.34%,-0.56%,-0.83%,-1.14%,-1.48%,-1.86%,-2.29%,-2.75%,-3.25%
1965-03-31,-1.45%,-2.90%,-4.34%,-5.77%,-7.19%,-8.61%,-10.01%,-11.41%,-12.80%,-14.18%
1965-04-30,3.42%,6.95%,10.57%,14.30%,18.14%,22.09%,26.15%,30.33%,34.62%,39.04%
1965-05-31,-0.77%,-1.58%,-2.40%,-3.26%,-4.13%,-5.04%,-5.96%,-6.91%,-7.88%,-8.87%
1965-06-30,-4.86%,-9.68%,-14.43%,-19.10%,-23.69%,-28.17%,-32.53%,-36.78%,-40.89%,-44.87%
1965-07-31,1.34%,2.65%,3.92%,5.15%,6.34%,7.49%,8.59%,9.64%,10.65%,11.60%
1965-08-31,2.25%,4.54%,6.88%,9.25%,11.66%,14.12%,16.61%,19.15%,21.73%,24.36%
1965-09-30,3.20%,6.47%,9.81%,13.23%,16.72%,20.27%,23.91%,27.61%,31.39%,35.24%
1965-10-31,2.73%,5.52%,8.37%,11.27%,14.23%,17.24%,20.32%,23.45%,26.64%,29.89%
1965-11-30,-0.88%,-1.76%,-2.65%,-3.54%,-4.44%,-5.35%,-6.26%,-7.17%,-8.09%,-9.02%
1965-12-31,0.90%,1.77%,2.62%,3.44%,4.24%,5.02%,5.76%,6.49%,7.18%,7.84%
1966-01-31,0.49%,0.96%,1.42%,1.87%,2.30%,2.72%,3.13%,3.52%,3.90%,4.26%
1966-02-28,-1.79%,-3.57%,-5.36%,-7.15%,-8.93%,-10.71%,-12.48%,-14.25%,-16.01%,-17.76%
1966-03-31,-2.18%,-4.41%,-6.67%,-8.97%,-11.29%,-13.65%,-16.03%,-18.42%,-20.83%,-23.25%
1966-04-30,2.05%,4.11%,6.17%,8.23%,10.30%,12.37%,14.44%,16.51%,18.57%,20.63%
1966-05-31,-5.41%,-10.71%,-15.88%,-20.90%,-25.78%,-30.50%,-35.06%,-39.45%,-43.67%,-47.71%
1966-06-30,-1.61%,-3.25%,-4.91%,-6.58%,-8.28%,-9.98%,-11.70%,-13.43%,-15.18%,-16.92%
1966-07-31,-1.35%,-2.77%,-4.28%,-5.86%,-7.51%,-9.23%,-11.01%,-12.85%,-14.75%,-16.71%
1966-08-31,-7.78%,-15.22%,-22.32%,-29.06%,-35.44%,-41.45%,-47.10%,-52.37%,-57.29%,-61.85%
1966-09-30,-0.70%,-1.55%,-2.55%,-3.69%,-4.97%,-6.38%,-7.92%,-9.57%,-11.34%,-13.21%
1966-10-31,4.75%,9.46%,14.10%,18.64%,23.06%,27.35%,31.47%,35.40%,39.12%,42.61%
1966-11-30,0.31%,0.55%,0.70%,0.78%,0.78%,0.70%,0.53%,0.29%,-0.04%,-0.44%
1966-12-31,-0.15%,-0.36%,-0.63%,-0.97%,-1.36%,-1.82%,-2.33%,-2.90%,-3.53%,-4.21%
1967-01-31,7.82%,16.16%,25.06%,34.55%,44.66%,55.43%,66.88%,79.05%,91.99%,105.73%
1967-02-28,0.20%,0.35%,0.46%,0.53%,0.56%,0.55%,0.49%,0.39%,0.25%,0.06%
1967-03-31,3.94%,7.98%,12.13%,16.38%,20.73%,25.19%,29.75%,34.41%,39.18%,44.05%
1967-04-30,4.22%,8.54%,12.93%,17.41%,21.96%,26.58%,31.27%,36.01%,40.81%,45.66%
1967-05-31,-5.24%,-10.29%,-15.15%,-19.82%,-24.31%,-28.61%,-32.73%,-36.68%,-40.46%,-44.07%
1967-06-30,1.75%,3.42%,5.01%,6.52%,7.93%,9.26%,10.49%,11.62%,12.65%,13.57%
1967-07-31,4.53%,9.24%,14.12%,19.19%,24.44%,29.89%,35.53%,41.38%,47.44%,53.71%
1967-08-31,-1.17%,-2.36%,-3.56%,-4.77%,-6.00%,-7.24%,-8.49%,-9.75%,-11.02%,-12.30%
1967-09-30,3.28%,6.63%,10.04%,13.53%,17.09%,20.72%,24.41%,28.18%,32.01%,35.91%
1967-10-31,-3.53%,-6.98%,-10.38%,-13.70%,-16.95%,-20.13%,-23.25%,-26.29%,-29.26%,-32.16%
1967-11-30,0.75%,1.42%,2.01%,2.52%,2.95%,3.30%,3.56%,3.74%,3.83%,3.84%
1967-12-31,2.63%,5.30%,8.01%,10.75%,13.54%,16.37%,19.24%,22.15%,25.10%,28.08%
1968-01-31,-4.38%,-8.62%,-12.71%,-16.67%,-20.48%,-24.15%,-27.70%,-31.11%,-34.40%,-37.57%
1968-02-29,-3.12%,-6.23%,-9.32%,-12.38%,-15.42%,-18.42%,-21.39%,-24.33%,-27.22%,-30.06%
1968-03-31,0.94%,1.75%,2.42%,2.94%,3.33%,3.57%,3.66%,3.60%,3.39%,3.02%
1968-04-30,8.05%,16.55%,25.50%,34.92%,44.82%,55.21%,66.08%,77.46%,89.33%,101.71%
1968-05-31,1.25%,2.48%,3.68%,4.85%,6.00%,7.11%,8.20%,9.25%,10.27%,11.25%
1968-06-30,0.91%,1.75%,2.53%,3.23%,3.86%,4.41%,4.90%,5.31%,5.65%,5.91%
1968-07-31,-1.85%,-3.73%,-5.66%,-7.61%,-9.60%,-11.61%,-13.65%,-15.70%,-17.78%,-19.87%
1968-08-31,1.15%,2.27%,3.38%,4.47%,5.53%,6.58%,7.60%,8.60%,9.57%,10.52%
1968-09-30,3.85%,7.83%,11.92%,16.15%,20.50%,24.98%,29.59%,34.34%,39.23%,44.26%
1968-10-31,0.72%,1.42%,2.10%,2.75%,3.38%,3.98%,4.56%,5.12%,5.65%,6.16%
1968-11-30,4.80%,9.79%,15.00%,20.42%,26.07%,31.95%,38.07%,44.43%,51.06%,57.95%
1968-12-31,-4.16%,-8.18%,-12.06%,-15.81%,-19.42%,-22.91%,-26.28%,-29.52%,-32.65%,-35.66%
1969-01-31,-0.82%,-1.69%,-2.61%,-3.59%,-4.61%,-5.69%,-6.82%,-7.99%,-9.21%,-10.48%
1969-02-28,-4.74%,-9.31%,-13.71%,-17.95%,-22.03%,-25.96%,-29.73%,-33.36%,-36.85%,-40.19%
1969-03-31,3.44%,6.95%,10.51%,14.14%,17.81%,21.55%,25.33%,29.16%,33.04%,36.96%
1969-04-30,2.15%,4.28%,6.41%,8.51%,10.60%,12.67%,14.71%,16.72%,18.71%,20.66%
1969-05-31,-0.22%,-0.49%,-0.79%,-1.14%,-1.53%,-1.96%,-2.43%,-2.95%,-3.50%,-4.09%
1969-06-30,-5.56%,-10.87%,-15.96%,-20.81%,-25.45%,-29.87%,-34.08%,-38.08%,-41.90%,-45.52%
1969-07-31,-6.02%,-11.88%,-17.57%,-23.09%,-28.40%,-33.52%,-38.43%,-43.11%,-47.58%,-51.83%
1969-08-31,4.01%,8.08%,12.21%,16.39%,20.62%,24.90%,29.21%,33.56%,37.94%,42.34%
1969-09-30,-2.50%,-5.03%,-7.57%,-10.13%,-12.69%,-15.26%,-17.82%,-20.38%,-22.93%,-25.46%
1969-10-31,4.30%,8.69%,13.20%,17.80%,22.50%,27.30%,32.19%,37.17%,42.24%,47.40%
1969-11-30,-3.41%,-6.75%,-10.02%,-13.22%,-16.35%,-19.42%,-22.41%,-25.34%,-28.19%,-30.98%
1969-12-31,-1.87%,-3.80%,-5.81%,-7.88%,-10.00%,-12.17%,-14.38%,-16.63%,-18.92%,-21.23%
1970-01-31,-7.65%,-14.81%,-21.50%,-27.76%,-33.59%,-39.03%,-44.09%,-48.80%,-53.17%,-57.23%
1970-02-28,5.27%,10.70%,16.29%,22.04%,27.95%,34.01%,40.23%,46.58%,53.09%,59.73%
1970-03-31,0.15%,0.20%,0.15%,0.02%,-0.21%,-0.53%,-0.93%,-1.42%,-2.00%,-2.66%
1970-04-30,-9.05%,-17.41%,-25.13%,-32.24%,-38.78%,-44.78%,-50.29%,-55.32%,-59.91%,-64.10%
1970-05-31,-6.10%,-12.52%,-19.16%,-25.87%,-32.55%,-39.12%,-45.48%,-51.56%,-57.32%,-62.71%
1970-06-30,-5.00%,-10.00%,-14.96%,-19.87%,-24.71%,-29.46%,-34.10%,-38.61%,-42.99%,-47.22%
1970-07-31,7.33%,14.96%,22.88%,31.09%,39.57%,48.32%,57.33%,66.57%,76.03%,85.69%
1970-08-31,4.45%,8.89%,13.33%,17.73%,22.10%,26.41%,30.65%,34.81%,38.87%,42.81%
1970-09-30,3.41%,6.83%,10.24%,13.65%,17.04%,20.42%,23.77%,27.10%,30.38%,33.63%
1970-10-31,-1.25%,-2.58%,-3.99%,-5.49%,-7.05%,-8.69%,-10.40%,-12.17%,-14.00%,-15.88%
1970-11-30,4.74%,9.62%,14.61%,19.72%,24.95%,30.30%,35.76%,41.32%,46.98%,52.73%
1970-12-31,5.68%,11.62%,17.83%,24.32%,31.11%,38.19%,45.59%,53.31%,61.36%,69.75%
1971-01-31,4.05%,8.20%,12.46%,16.82%,21.29%,25.86%,30.53%,35.30%,40.17%,45.14%
1971-02-28,0.91%,1.78%,2.61%,3.39%,4.14%,4.84%,5.50%,6.11%,6.67%,7.19%
1971-03-31,3.68%,7.44%,11.29%,15.22%,19.23%,23.33%,27.50%,31.76%,36.11%,40.53%
1971-04-30,3.63%,7.36%,11.18%,15.11%,19.14%,23.27%,27.50%,31.84%,36.29%,40.85%
1971-05-31,-4.16%,-8.19%,-12.10%,-15.90%,-19.57%,-23.14%,-26.58%,-29.92%,-33.15%,-36.27%
1971-06-30,-0.93%,-1.94%,-3.02%,-4.17%,-5.39%,-6.68%,-8.03%,-9.45%,-10.92%,-12.46%
1971-07-31,-3.16%,-6.28%,-9.36%,-12.39%,-15.38%,-18.32%,-21.21%,-24.05%,-26.84%,-29.58%
1971-08-31,3.61%,7.09%,10.44%,13.62%,16.64%,19.48%,22.12%,24.55%,26.77%,28.76%
1971-09-30,-0.70%,-1.44%,-2.23%,-3.06%,-3.94%,-4.85%,-5.81%,-6.80%,-7.83%,-8.89%
1971-10-31,-4.18%,-8.25%,-12.20%,-16.04%,-19.77%,-23.39%,-26.90%,-30.29%,-33.58%,-36.77%
1971-11-30,-0.25%,-0.69%,-1.31%,-2.10%,-3.07%,-4.20%,-5.48%,-6.92%,-8.50%,-10.22%
1971-12-31,8.62%,17.84%,27.71%,38.26%,49.51%,61.51%,74.29%,87.90%,102.36%,117.73%
1972-01-31,1.81%,3.61%,5.38%,7.14%,8.87%,10.57%,12.25%,13.90%,15.52%,17.10%
1972-02-29,2.53%,5.09%,7.69%,10.33%,12.99%,15.69%,18.42%,21.18%,23.97%,26.80%
1972-03-31,0.59%,1.13%,1.62%,2.05%,2.43%,2.75%,3.02%,3.24%,3.39%,3.49%
1972-04-30,0.44%,0.84%,1.20%,1.53%,1.81%,2.06%,2.27%,2.43%,2.56%,2.64%
1972-05-31,1.73%,3.41%,5.03%,6.60%,8.10%,9.54%,10.92%,12.22%,13.44%,14.59%
1972-06-30,-2.18%,-4.35%,-6.51%,-8.65%,-10.77%,-12.88%,-14.97%,-17.04%,-19.10%,-21.13%
1972-07-31,0.23%,0.41%,0.52%,0.58%,0.58%,0.52%,0.40%,0.22%,-0.01%,-0.30%
1972-08-31,3.45%,6.95%,10.50%,14.11%,17.76%,21.46%,25.20%,28.98%,32.80%,36.66%
1972-09-30,-0.49%,-1.02%,-1.59%,-2.21%,-2.87%,-3.56%,-4.30%,-5.08%,-5.89%,-6.74%
1972-10-31,0.93%,1.78%,2.56%,3.25%,3.85%,4.37%,4.80%,5.15%,5.40%,5.56%
1972-11-30,4.56%,9.28%,14.15%,19.19%,24.39%,29.76%,35.30%,41.01%,46.89%,52.95%
1972-12-31,1.18%,2.33%,3.43%,4.49%,5.51%,6.48%,7.40%,8.27%,9.10%,9.87%
1973-01-31,-1.71%,-3.44%,-5.19%,-6.96%,-8.75%,-10.54%,-12.35%,-14.18%,-16.00%,-17.84%
1973-02-28,-3.75%,-7.48%,-11.17%,-14.83%,-18.44%,-22.01%,-25.51%,-28.96%,-32.34%,-35.64%
1973-03-31,-0.14%,-0.44%,-0.89%,-1.50%,-2.25%,-3.15%,-4.20%,-5.38%,-6.70%,-8.16%
1973-04-30,-4.08%,-8.13%,-12.15%,-16.13%,-20.05%,-23.91%,-27.70%,-31.42%,-35.06%,-38.60%
1973-05-31,-1.89%,-4.04%,-6.42%,-9.02%,-11.82%,-14.79%,-17.92%,-21.17%,-24.53%,-27.97%
1973-06-30,-0.66%,-1.52%,-2.59%,-3.86%,-5.31%,-6.95%,-8.76%,-10.72%,-12.84%,-15.09%
1973-07-31,3.80%,7.54%,11.22%,14.82%,18.32%,21.71%,24.99%,28.13%,31.12%,33.95%
1973-08-31,-3.67%,-7.30%,-10.90%,-14.45%,-17.96%,-21.41%,-24.79%,-28.12%,-31.38%,-34.56%
1973-09-30,4.01%,8.08%,12.21%,16.40%,20.63%,24.92%,29.25%,33.62%,38.02%,42.46%
1973-10-31,-0.13%,-0.39%,-0.79%,-1.32%,-1.98%,-2.76%,-3.68%,-4.71%,-5.87%,-7.15%
1973-11-30,-11.39%,-21.83%,-31.36%,-40.02%,-47.85%,-54.89%,-61.20%,-66.81%,-71.78%,-76.15%
1973-12-31,1.66%,2.80%,3.40%,3.47%,3.00%,2.00%,0.49%,-1.52%,-4.00%,-6.92%
1974-01-31,-1.00%,-2.34%,-3.98%,-5.94%,-8.18%,-10.70%,-13.47%,-16.48%,-19.69%,-23.10%
1974-02-28,-0.36%,-0.91%,-1.65%,-2.57%,-3.67%,-4.95%,-6.40%,-8.03%,-9.81%,-11.76%
1974-03-31,-2.33%,-4.76%,-7.30%,-9.92%,-12.62%,-15.39%,-18.22%,-21.10%,-24.01%,-26.95%
1974-04-30,-3.91%,-7.82%,-11.73%,-15.62%,-19.49%,-23.33%,-27.11%,-30.84%,-34.51%,-38.10%
1974-05-31,-3.36%,-6.79%,-10.30%,-13.86%,-17.45%,-21.06%,-24.67%,-28.28%,-31.86%,-35.42%
1974-06-30,-1.47%,-3.13%,-4.99%,-7.02%,-9.21%,-11.56%,-14.04%,-16.63%,-19.34%,-22.13%
1974-07-31,-7.78%,-15.37%,-22.72%,-29.78%,-36.52%,-42.90%,-48.91%,-54.53%,-59.76%,-64.59%
1974-08-31,-9.03%,-17.64%,-25.78%,-33.45%,-40.61%,-47.25%,-53.38%,-59.01%,-64.13%,-68.78%
1974-09-30,-11.93%,-23.05%,-33.30%,-42.65%,-51.10%,-58.65%,-65.34%,-71.21%,-76.30%,-80.68%
1974-10-31,16.30%,33.97%,52.91%,72.98%,94.02%,115.81%,138.10%,160.63%,183.06%,205.06%
1974-11-30,-5.32%,-10.68%,-16.04%,-21.39%,-26.69%,-31.92%,-37.06%,-42.07%,-46.95%,-51.67%
1974-12-31,-2.02%,-4.36%,-7.00%,-9.92%,-13.09%,-16.48%,-20.06%,-23.80%,-27.67%,-31.64%
1975-01-31,12.28%,25.58%,39.93%,55.34%,71.82%,89.40%,108.06%,127.79%,148.57%,170.37%
1975-02-28,5.99%,12.09%,18.29%,24.55%,30.86%,37.19%,43.50%,49.76%,55.94%,61.99%
1975-03-31,2.17%,4.15%,5.93%,7.49%,8.82%,9.92%,10.77%,11.37%,11.70%,11.76%
1975-04-30,4.73%,9.43%,14.09%,18.68%,23.19%,27.61%,31.90%,36.06%,40.06%,43.89%
1975-05-31,4.41%,8.82%,13.21%,17.57%,21.88%,26.13%,30.29%,34.36%,38.30%,42.11%
1975-06-30,4.43%,8.92%,13.44%,18.00%,22.58%,27.18%,31.78%,36.38%,40.96%,45.51%
1975-07-31,-6.77%,-13.18%,-19.26%,-25.01%,-30.44%,-35.56%,-40.38%,-44.91%,-49.17%,-53.16%
1975-08-31,-2.11%,-4.39%,-6.85%,-9.45%,-12.19%,-15.06%,-18.02%,-21.08%,-24.21%,-27.40%
1975-09-30,-3.46%,-7.02%,-10.66%,-14.34%,-18.07%,-21.81%,-25.55%,-29.28%,-32.98%,-36.64%
1975-10-31,6.16%,12.47%,18.90%,25.45%,32.08%,38.79%,45.55%,52.34%,59.14%,65.92%
1975-11-30,2.47%,4.92%,7.34%,9.72%,12.08%,14.39%,16.65%,18.87%,21.04%,23.14%
1975-12-31,-1.15%,-2.42%,-3.81%,-5.30%,-6.91%,-8.62%,-10.44%,-12.35%,-14.35%,-16.44%
1976-01-31,11.83%,24.82%,39.05%,54.63%,71.63%,90.17%,110.35%,132.27%,156.05%,181.81%
1976-02-29,-1.14%,-2.39%,-3.74%,-5.18%,-6.73%,-8.36%,-10.08%,-11.88%,-13.76%,-15.71%
1976-03-31,3.07%,6.10%,9.08%,12.01%,14.87%,17.66%,20.37%,23.00%,25.53%,27.96%
1976-04-30,-1.10%,-2.29%,-3.55%,-4.90%,-6.32%,-7.81%,-9.37%,-10.99%,-12.67%,-14.41%
1976-05-31,-1.44%,-2.94%,-4.52%,-6.16%,-7.86%,-9.62%,-11.44%,-13.31%,-15.23%,-17.19%
1976-06-30,4.09%,8.25%,12.46%,16.74%,21.06%,25.43%,29.83%,34.28%,38.75%,43.24%
1976-07-31,-0.81%,-1.65%,-2.54%,-3.47%,-4.43%,-5.43%,-6.46%,-7.53%,-8.63%,-9.76%
1976-08-31,-0.51%,-1.10%,-1.75%,-2.47%,-3.26%,-4.12%,-5.04%,-6.02%,-7.06%,-8.17%
1976-09-30,2.26%,4.49%,6.67%,8.80%,10.87%,12.89%,14.85%,16.75%,18.57%,20.33%
1976-10-31,-2.22%,-4.52%,-6.88%,-9.30%,-11.77%,-14.28%,-16.83%,-19.41%,-22.01%,-24.62%
1976-11-30,-0.78%,-1.66%,-2.64%,-3.73%,-4.91%,-6.19%,-7.56%,-9.02%,-10.56%,-12.19%
1976-12-31,5.25%,10.71%,16.39%,22.29%,28.43%,34.79%,41.39%,48.24%,55.34%,62.69%
1977-01-31,-5.05%,-9.91%,-14.59%,-19.08%,-23.39%,-27.52%,-31.49%,-35.28%,-38.92%,-42.39%
1977-02-28,-2.17%,-4.32%,-6.45%,-8.57%,-10.67%,-12.76%,-14.82%,-16.87%,-18.89%,-20.90%
1977-03-31,-1.40%,-2.85%,-4.34%,-5.87%,-7.44%,-9.05%,-10.69%,-12.36%,-14.05%,-15.78%
1977-04-30,0.02%,-0.06%,-0.24%,-0.51%,-0.89%,-1.36%,-1.93%,-2.60%,-3.37%,-4.23%
1977-05-31,-2.36%,-4.72%,-7.08%,-9.45%,-11.82%,-14.18%,-16.53%,-18.88%,-21.22%,-23.54%
1977-06-30,4.54%,9.22%,14.04%,19.02%,24.14%,29.42%,34.85%,40.43%,46.17%,52.06%
1977-07-31,-1.62%,-3.28%,-4.96%,-6.67%,-8.41%,-10.18%,-11.97%,-13.78%,-15.61%,-17.46%
1977-08-31,-2.10%,-4.22%,-6.35%,-8.48%,-10.61%,-12.75%,-14.89%,-17.03%,-19.16%,-21.29%
1977-09-30,-0.25%,-0.54%,-0.88%,-1.27%,-1.70%,-2.17%,-2.69%,-3.25%,-3.86%,-4.51%
1977-10-31,-4.34%,-8.56%,-12.66%,-16.63%,-20.49%,-24.22%,-27.83%,-31.33%,-34.70%,-37.96%
1977-11-30,2.70%,5.32%,7.86%,10.32%,12.67%,14.93%,17.06%,19.08%,20.97%,22.72%
1977-12-31,0.28%,0.51%,0.67%,0.76%,0.79%,0.75%,0.65%,0.48%,0.24%,-0.07%
1978-01-31,-6.15%,-12.01%,-17.57%,-22.86%,-27.88%,-32.63%,-37.14%,-41.40%,-45.43%,-49.24%
1978-02-28,-2.48%,-4.95%,-7.43%,-9.91%,-12.37%,-14.83%,-17.28%,-19.71%,-22.12%,-24.51%
1978-03-31,2.49%,4.98%,7.47%,9.94%,12.40%,14.85%,17.28%,19.69%,22.07%,24.42%
1978-04-30,8.54%,17.61%,27.23%,37.40%,48.16%,59.50%,71.44%,84.00%,97.18%,110.99%
1978-05-31,0.42%,0.74%,0.95%,1.05%,1.04%,0.92%,0.69%,0.35%,-0.09%,-0.64%
1978-06-30,-1.76%,-3.59%,-5.47%,-7.42%,-9.42%,-11.47%,-13.56%,-15.69%,-17.85%,-20.04%
1978-07-31,5.39%,10.98%,16.77%,22.76%,28.95%,35.34%,41.94%,48.74%,55.74%,62.95%
1978-08-31,2.59%,5.15%,7.66%,10.14%,12.56%,14.93%,17.25%,19.50%,21.69%,23.82%
1978-09-30,-0.73%,-1.54%,-2.44%,-3.43%,-4.49%,-5.64%,-6.86%,-8.16%,-9.52%,-10.96%
1978-10-31,-9.16%,-17.65%,-25.52%,-32.79%,-39.49%,-45.65%,-51.31%,-56.49%,-61.22%,-65.53%
1978-11-30,1.66%,3.04%,4.12%,4.90%,5.38%,5.56%,5.45%,5.05%,4.36%,3.40%
1978-12-31,1.49%,2.83%,4.02%,5.04%,5.91%,6.60%,7.13%,7.47%,7.65%,7.64%
1979-01-31,3.97%,8.00%,12.07%,16.17%,20.31%,24.47%,28.65%,32.84%,37.03%,41.20%
1979-02-28,-3.65%,-7.25%,-10.79%,-14.26%,-17.68%,-21.02%,-24.30%,-27.52%,-30.66%,-33.73%
1979-03-31,5.52%,11.25%,17.20%,23.38%,29.78%,36.42%,43.29%,50.40%,57.76%,65.35%
1979-04-30,0.17%,0.27%,0.31%,0.28%,0.20%,0.04%,-0.17%,-0.45%,-0.79%,-1.19%
1979-05-31,-2.63%,-5.29%,-7.95%,-10.63%,-13.31%,-16.00%,-18.68%,-21.35%,-24.02%,-26.67%
1979-06-30,3.87%,7.82%,11.86%,15.99%,20.21%,24.51%,28.90%,33.37%,37.93%,42.57%
1979-07-31,0.87%,1.69%,2.43%,3.11%,3.72%,4.26%,4.73%,5.13%,5.46%,5.71%
1979-08-31,5.31%,10.84%,16.61%,22.62%,28.88%,35.39%,42.17%,49.22%,56.54%,64.16%
1979-09-30,-0.00%,-0.12%,-0.37%,-0.73%,-1.22%,-1.83%,-2.55%,-3.38%,-4.33%,-5.39%
1979-10-31,-6.86%,-13.48%,-19.85%,-25.96%,-31.80%,-37.36%,-42.66%,-47.67%,-52.41%,-56.87%
1979-11-30,4.26%,8.54%,12.82%,17.11%,21.37%,25.62%,29.83%,33.99%,38.10%,42.14%
1979-12-31,1.68%,3.33%,4.97%,6.58%,8.17%,9.73%,11.26%,12.76%,14.23%,15.67%
1980-01-31,5.76%,11.65%,17.64%,23.72%,29.87%,36.08%,42.32%,48.58%,54.82%,61.03%
1980-02-29,-0.44%,-1.06%,-1.87%,-2.86%,-4.02%,-5.35%,-6.85%,-8.50%,-10.30%,-12.24%
1980-03-31,-10.18%,-19.70%,-28.57%,-36.77%,-44.32%,-51.23%,-57.51%,-63.21%,-68.33%,-72.91%
1980-04-30,4.11%,8.11%,11.97%,15.68%,19.21%,22.57%,25.72%,28.65%,31.35%,33.80%
1980-05-31,4.66%,9.37%,14.12%,18.89%,23.68%,28.48%,33.25%,38.00%,42.70%,47.33%
1980-06-30,2.70%,5.32%,7.87%,10.33%,12.70%,14.96%,17.11%,19.14%,21.05%,22.82%
1980-07-31,6.50%,13.28%,20.33%,27.65%,35.25%,43.12%,51.27%,59.68%,68.37%,77.32%
1980-08-31,0.58%,1.00%,1.24%,1.31%,1.21%,0.93%,0.48%,-0.14%,-0.93%,-1.88%
1980-09-30,2.52%,4.82%,6.88%,8.70%,10.24%,11.50%,12.47%,13.12%,13.46%,13.46%
1980-10-31,1.60%,3.00%,4.20%,5.17%,5.93%,6.45%,6.74%,6.80%,6.61%,6.19%
1980-11-30,10.24%,21.24%,33.02%,45.62%,59.06%,73.35%,88.51%,104.57%,121.51%,139.36%
1980-12-31,-3.39%,-6.94%,-10.64%,-14.46%,-18.39%,-22.39%,-26.45%,-30.55%,-34.65%,-38.75%
1981-01-31,-4.57%,-9.09%,-13.53%,-17.91%,-22.20%,-26.40%,-30.50%,-34.51%,-38.41%,-42.20%
1981-02-28,1.33%,2.51%,3.55%,4.44%,5.16%,5.72%,6.10%,6.31%,6.34%,6.18%
1981-03-31,3.60%,7.12%,10.53%,13.83%,17.01%,20.05%,22.94%,25.67%,28.23%,30.60%
1981-04-30,-2.35%,-4.72%,-7.11%,-9.52%,-11.94%,-14.37%,-16.80%,-19.24%,-21.68%,-24.11%
1981-05-31,-0.17%,-0.42%,-0.77%,-1.22%,-1.75%,-2.38%,-3.10%,-3.91%,-4.82%,-5.81%
1981-06-30,-1.04%,-2.17%,-3.38%,-4.67%,-6.05%,-7.49%,-9.01%,-10.60%,-12.25%,-13.96%
1981-07-31,-0.22%,-0.55%,-0.99%,-1.54%,-2.20%,-2.97%,-3.84%,-4.82%,-5.90%,-7.08%
1981-08-31,-6.21%,-12.20%,-17.97%,-23.51%,-28.83%,-33.92%,-38.78%,-43.42%,-47.84%,-52.04%
1981-09-30,-5.38%,-10.72%,-16.00%,-21.18%,-26.26%,-31.21%,-36.01%,-40.65%,-45.12%,-49.41%
1981-10-31,4.91%,9.85%,14.78%,19.71%,24.60%,29.45%,34.23%,38.94%,43.55%,48.05%
1981-11-30,3.66%,7.29%,10.89%,14.44%,17.93%,21.36%,24.70%,27.96%,31.11%,34.16%
1981-12-31,-3.01%,-6.01%,-9.01%,-11.99%,-14.96%,-17.90%,-20.83%,-23.73%,-26.59%,-29.43%
1982-01-31,-1.75%,-3.72%,-5.89%,-8.25%,-10.77%,-13.46%,-16.29%,-19.25%,-22.33%,-25.50%
1982-02-28,-6.05%,-11.92%,-17.58%,-23.03%,-28.28%,-33.32%,-38.14%,-42.75%,-47.14%,-51.31%
1982-03-31,-1.02%,-2.20%,-3.54%,-5.04%,-6.68%,-8.46%,-10.37%,-12.41%,-14.56%,-16.82%
1982-04-30,4.00%,8.03%,12.08%,16.14%,20.20%,24.26%,28.30%,32.32%,36.30%,40.25%
1982-05-31,-3.92%,-7.76%,-11.52%,-15.21%,-18.82%,-22.34%,-25.77%,-29.12%,-32.38%,-35.55%
1982-06-30,-2.03%,-4.16%,-6.38%,-8.69%,-11.07%,-13.52%,-16.03%,-18.58%,-21.18%,-23.81%
1982-07-31,-2.30%,-4.64%,-7.01%,-9.41%,-11.84%,-14.29%,-16.75%,-19.22%,-21.71%,-24.19%
1982-08-31,11.60%,23.79%,36.52%,49.73%,63.36%,77.33%,91.57%,105.98%,120.47%,134.94%
1982-09-30,0.76%,1.32%,1.66%,1.80%,1.73%,1.46%,0.98%,0.31%,-0.55%,-1.60%
1982-10-31,11.04%,22.56%,34.45%,46.60%,58.86%,71.08%,83.05%,94.58%,105.41%,115.29%
1982-11-30,3.60%,6.75%,9.44%,11.62%,13.29%,14.42%,15.00%,15.04%,14.54%,13.51%
1982-12-31,1.52%,2.82%,3.87%,4.68%,5.24%,5.54%,5.60%,5.39%,4.93%,4.22%
1983-01-31,3.31%,6.39%,9.19%,11.71%,13.90%,15.75%,17.23%,18.32%,19.00%,19.27%
1983-02-28,1.90%,3.64%,5.21%,6.60%,7.80%,8.81%,9.62%,10.23%,10.63%,10.81%
1983-03-31,3.31%,6.56%,9.75%,12.86%,15.88%,18.80%,21.62%,24.32%,26.89%,29.32%
1983-04-30,7.50%,15.40%,23.71%,32.44%,41.59%,51.19%,61.22%,71.70%,82.64%,94.03%
1983-05-31,-1.24%,-2.57%,-3.99%,-5.49%,-7.08%,-8.74%,-10.47%,-12.26%,-14.12%,-16.04%
1983-06-30,3.23%,6.43%,9.57%,12.65%,15.65%,18.57%,21.40%,24.12%,26.71%,29.18%
1983-07-31,-3.03%,-6.19%,-9.45%,-12.80%,-16.22%,-19.70%,-23.21%,-26.74%,-30.28%,-33.81%
1983-08-31,1.13%,2.14%,3.01%,3.74%,4.34%,4.78%,5.09%,5.24%,5.23%,5.08%
1983-09-30,1.02%,1.94%,2.76%,3.48%,4.10%,4.63%,5.05%,5.37%,5.58%,5.70%
1983-10-31,-1.52%,-3.12%,-4.80%,-6.57%,-8.40%,-10.30%,-12.26%,-14.28%,-16.35%,-18.47%
1983-11-30,1.74%,3.43%,5.06%,6.63%,8.13%,9.56%,10.93%,12.22%,13.43%,14.57%
1983-12-31,-0.88%,-1.81%,-2.78%,-3.79%,-4.85%,-5.94%,-7.07%,-8.24%,-9.44%,-10.67%
1984-01-31,-0.92%,-1.91%,-2.97%,-4.08%,-5.26%,-6.49%,-7.78%,-9.11%,-10.49%,-11.92%
1984-02-29,-3.89%,-7.81%,-11.75%,-15.70%,-19.65%,-23.57%,-27.46%,-31.30%,-35.09%,-38.81%
1984-03-31,1.35%,2.58%,3.68%,4.66%,5.51%,6.22%,6.79%,7.22%,7.51%,7.66%
1984-04-30,0.55%,0.99%,1.33%,1.57%,1.71%,1.74%,1.67%,1.49%,1.21%,0.82%
1984-05-31,-5.94%,-11.60%,-17.01%,-22.16%,-27.06%,-31.72%,-36.15%,-40.36%,-44.34%,-48.11%
1984-06-30,1.75%,3.35%,4.81%,6.12%,7.27%,8.26%,9.09%,9.76%,10.25%,10.57%
1984-07-31,-1.65%,-3.35%,-5.10%,-6.91%,-8.77%,-10.66%,-12.60%,-14.58%,-16.59%,-18.63%
1984-08-31,10.63%,22.03%,34.21%,47.21%,61.02%,75.69%,91.21%,107.60%,124.88%,143.04%
1984-09-30,-0.35%,-0.79%,-1.32%,-1.93%,-2.63%,-3.42%,-4.28%,-5.22%,-6.24%,-7.33%
1984-10-31,-0.01%,-0.14%,-0.39%,-0.77%,-1.26%,-1.86%,-2.57%,-3.38%,-4.29%,-5.30%
1984-11-30,-1.51%,-3.10%,-4.76%,-6.48%,-8.27%,-10.11%,-12.01%,-13.95%,-15.94%,-17.96%
1984-12-31,2.24%,4.40%,6.50%,8.52%,10.46%,12.32%,14.10%,15.80%,17.41%,18.93%
1985-01-31,7.41%,15.18%,23.33%,31.85%,40.76%,50.05%,59.73%,69.80%,80.26%,91.12%
1985-02-28,0.86%,1.66%,2.39%,3.04%,3.63%,4.15%,4.60%,4.98%,5.29%,5.53%
1985-03-31,-0.29%,-0.65%,-1.09%,-1.61%,-2.20%,-2.87%,-3.60%,-4.41%,-5.27%,-6.21%
1985-04-30,-0.46%,-0.96%,-1.51%,-2.10%,-2.73%,-3.40%,-4.11%,-4.87%,-5.66%,-6.49%
1985-05-31,5.41%,11.01%,16.82%,22.84%,29.06%,35.49%,42.13%,48.99%,56.05%,63.34%
1985-06-30,1.21%,2.37%,3.46%,4.48%,5.44%,6.33%,7.15%,7.90%,8.58%,9.18%
1985-07-31,-0.48%,-1.04%,-1.66%,-2.35%,-3.11%,-3.93%,-4.82%,-5.78%,-6.79%,-7.87%
1985-08-31,-1.20%,-2.45%,-3.74%,-5.08%,-6.46%,-7.88%,-9.34%,-10.83%,-12.36%,-13.93%
1985-09-30,-3.47%,-6.91%,-10.29%,-13.64%,-16.93%,-20.16%,-23.34%,-26.46%,-29.52%,-32.51%
1985-10-31,4.25%,8.58%,13.00%,17.49%,22.06%,26.69%,31.39%,36.16%,40.98%,45.86%
1985-11-30,6.51%,13.33%,20.48%,27.98%,35.82%,44.02%,52.58%,61.53%,70.86%,80.59%
1985-12-31,4.51%,9.08%,13.72%,18.42%,23.17%,27.96%,32.79%,37.64%,42.51%,47.39%
1986-01-31,0.24%,0.28%,0.12%,-0.24%,-0.81%,-1.58%,-2.56%,-3.75%,-5.14%,-6.74%
1986-02-28,7.15%,14.69%,22.62%,30.97%,39.74%,48.95%,58.61%,68.72%,79.30%,90.35%
1986-03-31,5.28%,10.69%,16.22%,21.87%,27.63%,33.50%,39.46%,45.51%,51.64%,57.84%
1986-04-30,-1.41%,-3.05%,-4.89%,-6.93%,-9.16%,-11.56%,-14.11%,-16.81%,-19.64%,-22.58%
1986-05-31,5.02%,10.15%,15.37%,20.69%,26.09%,31.56%,37.10%,42.70%,48.34%,54.03%
1986-06-30,1.41%,2.68%,3.79%,4.74%,5.53%,6.14%,6.58%,6.83%,6.89%,6.76%
1986-07-31,-5.87%,-11.61%,-17.23%,-22.69%,-28.00%,-33.15%,-38.12%,-42.90%,-47.50%,-51.91%
1986-08-31,7.12%,14.60%,22.47%,30.71%,39.36%,48.40%,57.87%,67.76%,78.07%,88.83%
1986-09-30,-8.54%,-16.73%,-24.55%,-31.99%,-39.04%,-45.69%,-51.94%,-57.79%,-63.23%,-68.28%
1986-10-31,5.47%,11.14%,16.99%,23.04%,29.28%,35.70%,42.32%,49.12%,56.11%,63.28%
1986-11-30,2.15%,4.16%,6.02%,7.72%,9.24%,10.58%,11.71%,12.63%,13.32%,13.77%
1986-12-31,-2.83%,-5.70%,-8.59%,-11.51%,-14.44%,-17.37%,-20.30%,-23.22%,-26.13%,-29.01%
1987-01-31,13.18%,27.78%,43.93%,61.76%,81.39%,102.96%,126.61%,152.50%,180.78%,211.61%
1987-02-28,3.69%,7.37%,11.03%,14.66%,18.25%,21.79%,25.28%,28.71%,32.06%,35.33%
1987-03-31,2.64%,5.14%,7.48%,9.66%,11.65%,13.45%,15.03%,16.38%,17.50%,18.36%
1987-04-30,-1.15%,-2.69%,-4.61%,-6.90%,-9.54%,-12.48%,-15.71%,-19.20%,-22.90%,-26.80%
1987-05-31,0.60%,0.96%,1.06%,0.90%,0.49%,-0.18%,-1.11%,-2.30%,-3.74%,-5.43%
1987-06-30,4.79%,9.70%,14.71%,19.83%,25.05%,30.36%,35.77%,41.25%,46.81%,52.44%
1987-07-31,4.82%,9.79%,14.90%,20.15%,25.54%,31.06%,36.73%,42.52%,48.45%,54.50%
1987-08-31,3.50%,6.93%,10.28%,13.53%,16.69%,19.72%,22.63%,25.39%,28.00%,30.44%
1987-09-30,-2.42%,-5.01%,-7.77%,-10.67%,-13.70%,-16.83%,-20.05%,-23.33%,-26.67%,-30.04%
1987-10-31,-21.76%,-44.48%,-66.35%,-85.80%,-101.59%,-112.94%,-119.54%,-121.57%,-119.64%,-114.71%
1987-11-30,-8.53%,-16.92%,-25.09%,-32.95%,-40.46%,-47.56%,-54.22%,-60.39%,-66.06%,-71.23%
1987-12-31,7.29%,14.32%,20.98%,27.14%,32.68%,37.49%,41.43%,44.41%,46.31%,47.06%
1988-01-31,4.04%,7.20%,9.30%,10.17%,9.64%,7.52%,3.65%,-2.13%,-9.96%,-19.96%
1988-02-29,4.18%,8.33%,12.43%,16.47%,20.43%,24.30%,28.07%,31.73%,35.25%,38.63%
1988-03-31,-3.33%,-6.72%,-10.14%,-13.59%,-17.06%,-20.54%,-24.03%,-27.51%,-30.98%,-34.42%
1988-04-30,0.94%,1.53%,1.73%,1.54%,0.92%,-0.14%,-1.66%,-3.67%,-6.18%,-9.20%
1988-05-31,0.32%,0.39%,0.21%,-0.21%,-0.86%,-1.74%,-2.84%,-4.14%,-5.65%,-7.34%
1988-06-30,4.33%,8.58%,12.76%,16.82%,20.76%,24.55%,28.17%,31.61%,34.83%,37.83%
1988-07-31,-0.54%,-1.27%,-2.17%,-3.25%,-4.49%,-5.89%,-7.45%,-9.14%,-10.97%,-12.93%
1988-08-31,-3.86%,-7.70%,-11.51%,-15.29%,-19.03%,-22.71%,-26.34%,-29.91%,-33.41%,-36.84%
1988-09-30,3.97%,7.98%,12.01%,16.06%,20.13%,24.21%,28.29%,32.37%,36.44%,40.49%
1988-10-31,2.60%,5.09%,7.48%,9.74%,11.89%,13.90%,15.77%,17.49%,19.06%,20.47%
1988-11-30,-1.89%,-3.87%,-5.95%,-8.12%,-10.37%,-12.69%,-15.09%,-17.55%,-20.08%,-22.65%
1988-12-31,1.47%,2.90%,4.28%,5.61%,6.90%,8.15%,9.34%,10.48%,11.56%,12.60%
1989-01-31,7.11%,14.62%,22.54%,30.89%,39.68%,48.92%,58.64%,68.85%,79.56%,90.79%
1989-02-28,-2.89%,-5.82%,-8.76%,-11.73%,-14.71%,-17.69%,-20.67%,-23.65%,-26.62%,-29.58%
1989-03-31,2.08%,4.07%,5.96%,7.73%,9.39%,10.92%,12.31%,13.55%,14.64%,15.56%
1989-04-30,5.01%,10.17%,15.47%,20.92%,26.51%,32.25%,38.13%,44.14%,50.30%,56.59%
1989-05-31,3.51%,7.04%,10.57%,14.10%,17.63%,21.15%,24.65%,28.13%,31.59%,35.02%
1989-06-30,-0.79%,-1.72%,-2.78%,-3.97%,-5.28%,-6.71%,-8.25%,-9.91%,-11.67%,-13.53%
1989-07-31,8.84%,18.34%,28.54%,39.49%,51.22%,63.79%,77.24%,91.62%,106.98%,123.38%
1989-08-31,1.55%,2.99%,4.30%,5.49%,6.55%,7.48%,8.27%,8.92%,9.44%,9.81%
1989-09-30,-0.65%,-1.36%,-2.11%,-2.92%,-3.76%,-4.66%,-5.60%,-6.58%,-7.61%,-8.68%
1989-10-31,-2.52%,-5.55%,-9.09%,-13.14%,-17.70%,-22.75%,-28.28%,-34.29%,-40.75%,-47.64%
1989-11-30,1.65%,3.25%,4.78%,6.24%,7.63%,8.94%,10.17%,11.32%,12.39%,13.36%
1989-12-31,2.14%,4.23%,6.26%,8.23%,10.14%,11.96%,13.71%,15.37%,16.94%,18.40%
1990-01-31,-6.88%,-13.55%,-19.97%,-26.15%,-32.07%,-37.71%,-43.08%,-48.16%,-52.96%,-57.47%
1990-02-28,0.85%,1.61%,2.27%,2.84%,3.30%,3.66%,3.91%,4.06%,4.10%,4.04%
1990-03-31,2.43%,4.80%,7.13%,9.39%,11.59%,13.72%,15.77%,17.74%,19.63%,21.43%
1990-04-30,-2.69%,-5.40%,-8.12%,-10.85%,-13.59%,-16.33%,-19.06%,-21.78%,-24.49%,-27.18%
1990-05-31,9.20%,19.09%,29.70%,41.09%,53.28%,66.34%,80.29%,95.20%,111.10%,128.05%
1990-06-30,-0.89%,-1.90%,-3.04%,-4.30%,-5.67%,-7.15%,-8.74%,-10.44%,-12.23%,-14.11%
1990-07-31,-0.52%,-1.17%,-1.95%,-2.84%,-3.86%,-5.00%,-6.26%,-7.62%,-9.10%,-10.68%
1990-08-31,-9.43%,-18.46%,-27.04%,-35.12%,-42.67%,-49.69%,-56.15%,-62.06%,-67.42%,-72.24%
1990-09-30,-5.12%,-10.16%,-15.10%,-19.94%,-24.66%,-29.26%,-33.73%,-38.05%,-42.23%,-46.25%
1990-10-31,-0.67%,-1.78%,-3.30%,-5.23%,-7.53%,-10.18%,-13.15%,-16.41%,-19.91%,-23.64%
1990-11-30,5.99%,12.08%,18.23%,24.42%,30.63%,36.84%,43.01%,49.12%,55.13%,61.03%
1990-12-31,2.48%,4.94%,7.38%,9.79%,12.17%,14.51%,16.81%,19.07%,21.28%,23.44%
1991-01-31,4.15%,8.14%,11.94%,15.54%,18.91%,22.03%,24.89%,27.46%,29.73%,31.69%
1991-02-28,6.73%,13.64%,20.72%,27.94%,35.30%,42.76%,50.31%,57.92%,65.57%,73.23%
1991-03-31,2.22%,4.35%,6.38%,8.31%,10.13%,11.84%,13.43%,14.90%,16.25%,17.47%
1991-04-30,0.03%,-0.14%,-0.52%,-1.10%,-1.87%,-2.83%,-3.98%,-5.31%,-6.81%,-8.47%
1991-05-31,3.86%,7.70%,11.50%,15.25%,18.94%,22.54%,26.05%,29.44%,32.70%,35.81%
1991-06-30,-4.79%,-9.46%,-14.00%,-18.42%,-22.70%,-26.86%,-30.88%,-34.77%,-38.52%,-42.13%
1991-07-31,4.49%,9.05%,13.70%,18.42%,23.20%,28.05%,32.95%,37.90%,42.89%,47.91%
1991-08-31,1.96%,3.76%,5.38%,6.81%,8.04%,9.08%,9.91%,10.53%,10.94%,11.12%
1991-09-30,-1.91%,-3.84%,-5.77%,-7.71%,-9.65%,-11.60%,-13.54%,-15.49%,-17.44%,-19.38%
1991-10-31,1.18%,2.27%,3.25%,4.12%,4.89%,5.55%,6.09%,6.53%,6.85%,7.05%
1991-11-30,-4.39%,-8.79%,-13.18%,-17.56%,-21.91%,-26.25%,-30.54%,-34.80%,-39.00%,-43.15%
1991-12-31,11.16%,23.32%,36.55%,50.91%,66.49%,83.36%,101.60%,121.29%,142.52%,165.37%
1992-01-31,-1.99%,-4.03%,-6.10%,-8.21%,-10.35%,-12.52%,-14.70%,-16.90%,-19.12%,-21.34%
1992-02-29,0.96%,1.83%,2.63%,3.33%,3.94%,4.47%,4.91%,5.25%,5.50%,5.66%
1992-03-31,-2.18%,-4.36%,-6.54%,-8.71%,-10.88%,-13.03%,-15.18%,-17.31%,-19.43%,-21.54%
1992-04-30,2.79%,5.48%,8.06%,10.52%,12.85%,15.04%,17.06%,18.92%,20.61%,22.10%
1992-05-31,0.10%,0.12%,0.08%,-0.03%,-0.20%,-0.44%,-0.75%,-1.13%,-1.57%,-2.07%
1992-06-30,-1.74%,-3.51%,-5.33%,-7.19%,-9.08%,-11.00%,-12.95%,-14.92%,-16.92%,-18.93%
1992-07-31,3.94%,7.93%,11.99%,16.09%,20.24%,24.43%,28.66%,32.93%,37.22%,41.53%
1992-08-31,-2.40%,-4.78%,-7.13%,-9.46%,-11.77%,-14.05%,-16.31%,-18.54%,-20.74%,-22.91%
1992-09-30,0.91%,1.74%,2.49%,3.15%,3.72%,4.21%,4.60%,4.90%,5.10%,5.21%
1992-10-31,0.21%,0.33%,0.35%,0.27%,0.10%,-0.17%,-0.53%,-0.99%,-1.55%,-2.20%
1992-11-30,3.03%,6.09%,9.19%,12.33%,15.50%,18.70%,21.93%,25.18%,28.46%,31.77%
1992-12-31,1.01%,1.98%,2.92%,3.82%,4.68%,5.49%,6.27%,7.01%,7.71%,8.36%
1993-01-31,0.70%,1.38%,2.02%,2.63%,3.21%,3.76%,4.27%,4.76%,5.20%,5.61%
1993-02-28,1.05%,1.99%,2.82%,3.52%,4.10%,4.56%,4.87%,5.05%,5.08%,4.96%
1993-03-31,1.87%,3.67%,5.40%,7.06%,8.64%,10.15%,11.57%,12.91%,14.16%,15.33%
1993-04-30,-2.54%,-5.12%,-7.72%,-10.34%,-12.98%,-15.63%,-18.29%,-20.96%,-23.62%,-26.29%
1993-05-31,2.27%,4.51%,6.71%,8.87%,10.99%,13.05%,15.07%,17.02%,18.92%,20.75%
1993-06-30,0.08%,0.09%,0.05%,-0.04%,-0.20%,-0.41%,-0.68%,-1.00%,-1.38%,-1.82%
1993-07-31,-0.53%,-1.12%,-1.77%,-2.47%,-3.22%,-4.03%,-4.89%,-5.80%,-6.75%,-7.75%
1993-08-31,3.44%,6.98%,10.60%,14.31%,18.12%,22.02%,26.01%,30.11%,34.30%,38.59%
1993-09-30,-1.00%,-2.03%,-3.10%,-4.21%,-5.34%,-6.50%,-7.70%,-8.92%,-10.16%,-11.43%
1993-10-31,1.94%,3.88%,5.83%,7.79%,9.74%,11.70%,13.66%,15.62%,17.59%,19.55%
1993-11-30,-1.29%,-2.62%,-3.99%,-5.40%,-6.84%,-8.32%,-9.82%,-11.36%,-12.93%,-14.52%
1993-12-31,1.01%,2.00%,2.97%,3.93%,4.87%,5.78%,6.68%,7.56%,8.41%,9.24%
1994-01-31,3.25%,6.56%,9.93%,13.36%,16.86%,20.41%,24.02%,27.69%,31.41%,35.19%
1994-02-28,-3.00%,-6.02%,-9.04%,-12.06%,-15.08%,-18.09%,-21.09%,-24.08%,-27.06%,-30.01%
1994-03-31,-4.57%,-9.02%,-13.34%,-17.54%,-21.61%,-25.55%,-29.37%,-33.06%,-36.62%,-40.07%
1994-04-30,1.15%,2.18%,3.08%,3.85%,4.49%,5.00%,5.37%,5.61%,5.72%,5.69%
1994-05-31,1.24%,2.42%,3.53%,4.58%,5.56%,6.46%,7.30%,8.05%,8.73%,9.33%
1994-06-30,-2.68%,-5.36%,-8.05%,-10.73%,-13.41%,-16.07%,-18.73%,-21.37%,-23.99%,-26.59%
1994-07-31,3.15%,6.36%,9.64%,12.99%,16.40%,19.87%,23.41%,27.02%,30.69%,34.43%
1994-08-31,3.76%,7.60%,11.52%,15.53%,19.61%,23.78%,28.02%,32.34%,36.73%,41.20%
1994-09-30,-2.69%,-5.38%,-8.07%,-10.76%,-13.45%,-16.12%,-18.78%,-21.43%,-24.06%,-26.66%
1994-10-31,2.08%,4.09%,6.02%,7.85%,9.60%,11.25%,12.80%,14.24%,15.57%,16.78%
1994-11-30,-3.95%,-7.82%,-11.62%,-15.33%,-18.96%,-22.51%,-25.97%,-29.34%,-32.63%,-35.83%
1994-12-31,1.23%,2.40%,3.52%,4.57%,5.55%,6.47%,7.32%,8.10%,8.81%,9.44%
1995-01-31,2.43%,4.88%,7.37%,9.88%,12.42%,14.99%,17.58%,20.20%,22.84%,25.51%
1995-02-28,3.61%,7.30%,11.06%,14.91%,18.84%,22.85%,26.93%,31.10%,35.34%,39.65%
1995-03-31,2.73%,5.49%,8.27%,11.07%,13.89%,16.74%,19.59%,22.47%,25.36%,28.26%
1995-04-30,2.80%,5.64%,8.54%,11.49%,14.49%,17.55%,20.65%,23.81%,27.02%,30.28%
1995-05-31,3.63%,7.29%,10.96%,14.65%,18.35%,22.04%,25.74%,29.42%,33.08%,36.71%
1995-06-30,2.13%,4.23%,6.30%,8.34%,10.34%,12.31%,14.23%,16.11%,17.94%,19.72%
1995-07-31,3.18%,6.37%,9.59%,12.81%,16.04%,19.26%,22.49%,25.71%,28.91%,32.09%
1995-08-31,-0.03%,-0.08%,-0.16%,-0.25%,-0.36%,-0.50%,-0.65%,-0.83%,-1.02%,-1.23%
1995-09-30,4.01%,8.14%,12.39%,16.77%,21.27%,25.90%,30.66%,35.55%,40.57%,45.74%
1995-10-31,-0.50%,-1.04%,-1.63%,-2.26%,-2.94%,-3.66%,-4.43%,-5.23%,-6.08%,-6.97%
1995-11-30,4.10%,8.32%,12.64%,17.08%,21.63%,26.29%,31.05%,35.93%,40.92%,46.02%
1995-12-31,1.74%,3.43%,5.06%,6.63%,8.13%,9.55%,10.90%,12.17%,13.36%,14.45%
1996-01-31,3.26%,6.48%,9.65%,12.75%,15.78%,18.72%,21.57%,24.30%,26.90%,29.38%
1996-02-29,0.69%,1.26%,1.71%,2.03%,2.22%,2.29%,2.23%,2.04%,1.73%,1.29%
1996-03-31,0.79%,1.41%,1.84%,2.08%,2.12%,1.95%,1.56%,0.94%,0.10%,-0.99%
1996-04-30,1.34%,2.60%,3.77%,4.85%,5.83%,6.71%,7.48%,8.15%,8.70%,9.13%
1996-05-31,2.29%,4.51%,6.65%,8.72%,10.71%,12.60%,14.40%,16.09%,17.67%,19.13%
1996-06-30,0.23%,0.41%,0.56%,0.67%,0.74%,0.77%,0.76%,0.71%,0.63%,0.50%
1996-07-31,-4.57%,-9.16%,-13.74%,-18.30%,-22.81%,-27.28%,-31.68%,-36.00%,-40.23%,-44.35%
1996-08-31,1.88%,3.68%,5.40%,7.04%,8.58%,10.03%,11.38%,12.64%,13.79%,14.84%
1996-09-30,5.42%,11.06%,16.92%,23.01%,29.34%,35.90%,42.71%,49.76%,57.07%,64.63%
1996-10-31,2.61%,5.23%,7.84%,10.46%,13.08%,15.69%,18.29%,20.88%,23.46%,26.02%
1996-11-30,7.34%,15.13%,23.41%,32.20%,41.52%,51.40%,61.87%,72.96%,84.69%,97.10%
1996-12-31,-2.15%,-4.42%,-6.79%,-9.27%,-11.83%,-14.47%,-17.18%,-19.94%,-22.75%,-25.60%
1997-01-31,6.13%,12.49%,19.07%,25.87%,32.88%,40.11%,47.54%,55.17%,63.00%,71.01%
1997-02-28,0.59%,1.04%,1.34%,1.49%,1.50%,1.36%,1.06%,0.62%,0.04%,-0.69%
1997-03-31,-4.26%,-8.53%,-12.79%,-17.03%,-21.24%,-25.40%,-29.51%,-33.55%,-37.52%,-41.40%
1997-04-30,5.84%,11.69%,17.51%,23.27%,28.92%,34.43%,39.76%,44.85%,49.67%,54.17%
1997-05-31,5.86%,11.84%,17.92%,24.10%,30.36%,36.68%,43.03%,49.41%,55.79%,62.15%
1997-06-30,4.35%,8.67%,12.95%,17.17%,21.31%,25.35%,29.28%,33.07%,36.70%,40.15%
1997-07-31,7.81%,16.01%,24.58%,33.53%,42.85%,52.53%,62.56%,72.93%,83.62%,94.61%
1997-08-31,-5.75%,-11.39%,-16.90%,-22.28%,-27.50%,-32.56%,-37.45%,-42.15%,-46.65%,-50.97%
1997-09-30,5.32%,10.63%,15.94%,21.21%,26.42%,31.58%,36.64%,41.60%,46.44%,51.13%
1997-10-31,-3.45%,-7.69%,-12.68%,-18.34%,-24.61%,-31.42%,-38.70%,-46.35%,-54.29%,-62.45%
1997-11-30,4.46%,8.83%,13.09%,17.21%,21.18%,24.96%,28.54%,31.88%,34.97%,37.78%
1997-12-31,1.57%,2.94%,4.10%,5.04%,5.76%,6.26%,6.53%,6.57%,6.39%,5.98%
1998-01-31,1.02%,1.79%,2.30%,2.55%,2.54%,2.24%,1.67%,0.80%,-0.35%,-1.79%
1998-02-28,7.04%,14.47%,22.28%,30.51%,39.15%,48.22%,57.75%,67.73%,78.19%,89.14%
1998-03-31,4.99%,10.12%,15.36%,20.72%,26.20%,31.79%,37.49%,43.29%,49.18%,55.16%
1998-04-30,0.91%,1.66%,2.25%,2.67%,2.93%,3.01%,2.93%,2.66%,2.23%,1.61%
1998-05-31,-1.88%,-3.82%,-5.82%,-7.86%,-9.94%,-12.07%,-14.23%,-16.42%,-18.64%,-20.88%
1998-06-30,3.94%,7.82%,11.60%,15.28%,18.83%,22.24%,25.48%,28.54%,31.40%,34.03%
1998-07-31,-1.16%,-2.53%,-4.10%,-5.86%,-7.82%,-9.94%,-12.24%,-14.70%,-17.30%,-20.03%
1998-08-31,-14.58%,-27.78%,-39.63%,-50.17%,-59.47%,-67.58%,-74.57%,-80.53%,-85.54%,-89.67%
1998-09-30,6.24%,11.79%,16.53%,20.36%,23.20%,24.99%,25.69%,25.27%,23.74%,21.12%
1998-10-31,8.03%,16.12%,24.19%,32.19%,40.02%,47.62%,54.88%,61.74%,68.08%,73.84%
1998-11-30,5.91%,11.96%,18.12%,24.38%,30.71%,37.09%,43.50%,49.91%,56.28%,62.59%
1998-12-31,5.64%,11.23%,16.74%,22.13%,27.37%,32.40%,37.19%,41.71%,45.90%,49.73%
1999-01-31,4.10%,8.01%,11.71%,15.16%,18.33%,21.20%,23.74%,25.94%,27.76%,29.19%
1999-02-28,-3.23%,-6.68%,-10.32%,-14.11%,-18.04%,-22.06%,-26.15%,-30.27%,-34.41%,-38.53%
1999-03-31,3.88%,7.57%,11.03%,14.24%,17.16%,19.78%,22.07%,23.99%,25.53%,26.66%
1999-04-30,3.79%,7.44%,10.92%,14.21%,17.28%,20.12%,22.70%,25.01%,27.02%,28.71%
1999-05-31,-2.50%,-5.23%,-8.17%,-11.31%,-14.63%,-18.09%,-21.67%,-25.36%,-29.13%,-32.95%
1999-06-30,5.44%,10.92%,16.41%,21.90%,27.35%,32.76%,38.09%,43.33%,48.45%,53.42%
1999-07-31,-3.20%,-6.46%,-9.76%,-13.09%,-16.45%,-19.82%,-23.20%,-26.58%,-29.94%,-33.29%
1999-08-31,-0.63%,-1.51%,-2.66%,-4.05%,-5.67%,-7.51%,-9.56%,-11.81%,-14.22%,-16.80%
1999-09-30,-2.86%,-5.88%,-9.07%,-12.38%,-15.80%,-19.32%,-22.90%,-26.54%,-30.21%,-33.89%
1999-10-31,6.25%,12.36%,18.25%,23.86%,29.14%,34.00%,38.40%,42.27%,45.54%,48.18%
1999-11-30,1.91%,3.71%,5.40%,6.98%,8.44%,9.77%,10.98%,12.04%,12.97%,13.76%
1999-12-31,5.78%,11.78%,17.98%,24.39%,31.00%,37.82%,44.84%,52.07%,59.48%,67.10%
2000-01-31,-5.09%,-10.40%,-15.88%,-21.47%,-27.13%,-32.80%,-38.43%,-43.98%,-49.40%,-54.65%
2000-02-29,-2.01%,-4.28%,-6.79%,-9.53%,-12.49%,-15.66%,-19.01%,-22.52%,-26.18%,-29.96%
2000-03-31,9.67%,19.51%,29.43%,39.33%,49.11%,58.68%,67.92%,76.72%,84.98%,92.58%
2000-04-30,-3.08%,-6.84%,-11.22%,-16.16%,-21.61%,-27.49%,-33.73%,-40.25%,-46.98%,-53.83%
2000-05-31,-2.19%,-4.83%,-7.87%,-11.26%,-14.98%,-18.95%,-23.14%,-27.50%,-31.97%,-36.51%
2000-06-30,2.39%,4.60%,6.61%,8.41%,9.99%,11.34%,12.46%,13.34%,13.97%,14.36%
2000-07-31,-1.63%,-3.44%,-5.42%,-7.56%,-9.84%,-12.26%,-14.81%,-17.48%,-20.25%,-23.12%
2000-08-31,6.07%,12.39%,18.97%,25.81%,32.91%,40.28%,47.91%,55.81%,63.97%,72.40%
2000-09-30,-5.35%,-10.55%,-15.61%,-20.50%,-25.23%,-29.80%,-34.19%,-38.40%,-42.44%,-46.31%
2000-10-31,-0.49%,-1.53%,-3.08%,-5.12%,-7.62%,-10.54%,-13.83%,-17.45%,-21.36%,-25.50%
2000-11-30,-8.01%,-15.65%,-22.93%,-29.82%,-36.32%,-42.43%,-48.15%,-53.47%,-58.42%,-62.99%
2000-12-31,0.41%,0.28%,-0.36%,-1.51%,-3.16%,-5.29%,-7.86%,-10.85%,-14.23%,-17.94%
2001-01-31,3.46%,6.54%,9.19%,11.40%,13.15%,14.41%,15.16%,15.40%,15.11%,14.29%
2001-02-28,-9.23%,-17.82%,-25.79%,-33.17%,-39.98%,-46.25%,-52.00%,-57.26%,-62.06%,-66.43%
2001-03-31,-6.42%,-13.07%,-19.87%,-26.73%,-33.57%,-40.30%,-46.85%,-53.15%,-59.15%,-64.80%
2001-04-30,7.68%,15.12%,22.21%,28.84%,34.90%,40.30%,44.93%,48.69%,51.51%,53.30%
2001-05-31,0.51%,0.77%,0.78%,0.54%,0.07%,-0.65%,-1.59%,-2.76%,-4.15%,-5.74%
2001-06-30,-2.50%,-5.09%,-7.75%,-10.47%,-13.24%,-16.06%,-18.92%,-21.81%,-24.71%,-27.63%
2001-07-31,-1.07%,-2.42%,-4.03%,-5.90%,-8.00%,-10.33%,-12.87%,-15.61%,-18.52%,-21.58%
2001-08-31,-6.41%,-12.61%,-18.58%,-24.32%,-29.82%,-35.08%,-40.09%,-44.86%,-49.37%,-53.64%
2001-09-30,-8.17%,-16.30%,-24.30%,-32.08%,-39.59%,-46.75%,-53.53%,-59.88%,-65.78%,-71.19%
2001-10-31,1.81%,3.32%,4.51%,5.37%,5.89%,6.07%,5.89%,5.36%,4.48%,3.25%
2001-11-30,7.52%,15.35%,23.50%,31.94%,40.68%,49.69%,58.96%,68.48%,78.21%,88.15%
2001-12-31,0.76%,1.34%,1.74%,1.97%,2.01%,1.87%,1.55%,1.04%,0.36%,-0.49%
2002-01-31,-1.56%,-3.31%,-5.24%,-7.36%,-9.64%,-12.09%,-14.69%,-17.43%,-20.31%,-23.31%
2002-02-28,-2.08%,-4.36%,-6.83%,-9.48%,-12.30%,-15.26%,-18.34%,-21.55%,-24.84%,-28.22%
2002-03-31,3.67%,7.27%,10.77%,14.17%,17.44%,20.58%,23.57%,26.40%,29.05%,31.52%
2002-04-30,-6.14%,-12.11%,-17.90%,-23.48%,-28.86%,-34.03%,-38.97%,-43.68%,-48.17%,-52.42%
2002-05-31,-0.91%,-2.20%,-3.86%,-5.85%,-8.15%,-10.74%,-13.58%,-16.64%,-19.89%,-23.30%
2002-06-30,-7.25%,-14.29%,-21.09%,-27.64%,-33.90%,-39.86%,-45.51%,-50.83%,-55.82%,-60.48%
2002-07-31,-7.90%,-16.45%,-25.32%,-34.24%,-42.96%,-51.27%,-59.02%,-66.08%,-72.40%,-77.94%
2002-08-31,0.49%,0.04%,-1.33%,-3.60%,-6.69%,-10.55%,-15.09%,-20.19%,-25.76%,-31.67%
2002-09-30,-11.00%,-21.40%,-31.13%,-40.17%,-48.47%,-56.04%,-62.86%,-68.96%,-74.35%,-79.07%
2002-10-31,8.64%,16.72%,24.05%,30.46%,35.78%,39.89%,42.69%,44.09%,44.06%,42.60%
2002-11-30,5.71%,11.25%,16.57%,21.63%,26.35%,30.69%,34.61%,38.04%,40.94%,43.27%
2002-12-31,-6.03%,-11.94%,-17.69%,-23.28%,-28.68%,-33.89%,-38.88%,-43.67%,-48.23%,-52.56%
2003-01-31,-2.74%,-5.90%,-9.42%,-13.26%,-17.38%,-21.71%,-26.22%,-30.86%,-35.56%,-40.30%
2003-02-28,-1.70%,-3.62%,-5.74%,-8.05%,-10.53%,-13.17%,-15.94%,-18.83%,-21.83%,-24.92%
2003-03-31,0.84%,1.06%,0.67%,-0.33%,-1.92%,-4.09%,-6.81%,-10.05%,-13.75%,-17.89%
2003-04-30,8.10%,16.52%,25.22%,34.19%,43.39%,52.81%,62.41%,72.16%,82.02%,91.95%
2003-05-31,5.09%,10.19%,15.29%,20.35%,25.36%,30.28%,35.08%,39.75%,44.24%,48.52%
2003-06-30,1.13%,2.07%,2.82%,3.37%,3.73%,3.88%,3.82%,3.57%,3.12%,2.46%
2003-07-31,1.62%,3.06%,4.31%,5.36%,6.21%,6.86%,7.29%,7.52%,7.53%,7.33%
2003-08-31,1.79%,3.51%,5.15%,6.71%,8.19%,9.57%,10.86%,12.04%,13.11%,14.07%
2003-09-30,-1.19%,-2.56%,-4.08%,-5.76%,-7.59%,-9.56%,-11.66%,-13.87%,-16.20%,-18.63%
2003-10-31,5.50%,11.14%,16.93%,22.85%,28.90%,35.07%,41.35%,47.73%,54.21%,60.76%
2003-11-30,0.71%,1.34%,1.88%,2.32%,2.68%,2.95%,3.14%,3.23%,3.23%,3.14%
2003-12-31,5.08%,10.31%,15.71%,21.27%,26.98%,32.86%,38.89%,45.07%,51.41%,57.90%
2004-01-31,1.73%,3.38%,4.96%,6.47%,7.88%,9.21%,10.45%,11.59%,12.64%,13.58%
2004-02-29,1.22%,2.39%,3.52%,4.60%,5.62%,6.59%,7.51%,8.38%,9.19%,9.95%
2004-03-31,-1.64%,-3.44%,-5.39%,-7.50%,-9.74%,-12.10%,-14.58%,-17.16%,-19.83%,-22.58%
2004-04-30,-1.68%,-3.45%,-5.31%,-7.25%,-9.27%,-11.35%,-13.51%,-15.72%,-17.99%,-20.31%
2004-05-31,1.21%,2.33%,3.37%,4.31%,5.16%,5.91%,6.56%,7.11%,7.56%,7.90%
2004-06-30,1.80%,3.55%,5.25%,6.90%,8.50%,10.03%,11.50%,12.91%,14.25%,15.53%
2004-07-31,-3.43%,-6.81%,-10.15%,-13.44%,-16.67%,-19.85%,-22.98%,-26.04%,-29.05%,-31.99%
2004-08-31,0.23%,0.31%,0.25%,0.04%,-0.32%,-0.82%,-1.47%,-2.26%,-3.19%,-4.27%
2004-09-30,0.94%,1.81%,2.62%,3.36%,4.03%,4.63%,5.15%,5.61%,5.98%,6.28%
2004-10-31,1.40%,2.70%,3.88%,4.96%,5.91%,6.75%,7.47%,8.06%,8.53%,8.88%
2004-11-30,3.86%,7.78%,11.75%,15.77%,19.84%,23.95%,28.10%,32.29%,36.50%,40.74%
2004-12-31,3.25%,6.52%,9.82%,13.14%,16.48%,19.84%,23.20%,26.58%,29.96%,33.33%
2005-01-31,-2.53%,-5.07%,-7.63%,-10.19%,-12.75%,-15.31%,-17.87%,-20.42%,-22.96%,-25.48%
2005-02-28,1.89%,3.73%,5.51%,7.24%,8.90%,10.49%,12.01%,13.45%,14.81%,16.09%
2005-03-31,-1.91%,-3.87%,-5.87%,-7.91%,-9.98%,-12.08%,-14.21%,-16.36%,-18.53%,-20.71%
2005-04-30,-2.01%,-4.16%,-6.43%,-8.81%,-11.30%,-13.89%,-16.55%,-19.29%,-22.09%,-24.93%
2005-05-31,3.00%,5.99%,8.98%,11.96%,14.92%,17.86%,20.78%,23.66%,26.51%,29.32%
2005-06-30,-0.01%,-0.08%,-0.21%,-0.38%,-0.61%,-0.90%,-1.24%,-1.63%,-2.08%,-2.57%
2005-07-31,3.60%,7.25%,10.97%,14.74%,18.56%,22.43%,26.35%,30.31%,34.32%,38.35%
2005-08-31,-1.12%,-2.30%,-3.53%,-4.81%,-6.15%,-7.53%,-8.95%,-10.42%,-11.93%,-13.47%
2005-09-30,0.69%,1.33%,1.90%,2.41%,2.85%,3.23%,3.54%,3.79%,3.97%,4.09%
2005-10-31,-1.77%,-3.69%,-5.74%,-7.92%,-10.20%,-12.59%,-15.07%,-17.63%,-20.26%,-22.95%
2005-11-30,3.52%,7.10%,10.75%,14.47%,18.24%,22.08%,25.98%,29.93%,33.94%,38.00%
2005-12-31,-0.10%,-0.23%,-0.41%,-0.64%,-0.90%,-1.21%,-1.56%,-1.95%,-2.37%,-2.84%
2006-01-31,2.55%,5.06%,7.52%,9.94%,12.29%,14.59%,16.81%,18.96%,21.03%,23.00%
2006-02-28,0.05%,0.03%,-0.06%,-0.21%,-0.42%,-0.70%,-1.04%,-1.45%,-1.92%,-2.45%
2006-03-31,1.11%,2.18%,3.20%,4.18%,5.11%,5.99%,6.82%,7.61%,8.34%,9.02%
2006-04-30,1.22%,2.39%,3.51%,4.59%,5.62%,6.59%,7.52%,8.40%,9.22%,9.99%
2006-05-31,-3.09%,-6.22%,-9.37%,-12.53%,-15.71%,-18.89%,-22.07%,-25.24%,-28.39%,-31.51%
2006-06-30,0.01%,-0.19%,-0.59%,-1.20%,-2.00%,-2.99%,-4.16%,-5.51%,-7.03%,-8.70%
2006-07-31,0.51%,0.87%,1.10%,1.18%,1.12%,0.92%,0.59%,0.11%,-0.50%,-1.23%
2006-08-31,2.13%,4.25%,6.37%,8.49%,10.60%,12.70%,14.79%,16.87%,18.93%,20.99%
2006-09-30,2.46%,4.92%,7.39%,9.86%,12.32%,14.79%,17.25%,19.70%,22.15%,24.58%
2006-10-31,3.15%,6.35%,9.61%,12.91%,16.26%,19.67%,23.11%,26.61%,30.15%,33.73%
2006-11-30,1.65%,3.26%,4.84%,6.37%,7.87%,9.32%,10.72%,12.07%,13.37%,14.62%
2006-12-31,1.26%,2.50%,3.72%,4.92%,6.10%,7.25%,8.37%,9.47%,10.55%,11.60%
2007-01-31,1.41%,2.79%,4.14%,5.46%,6.75%,8.00%,9.22%,10.41%,11.55%,12.66%
2007-02-28,-2.18%,-4.47%,-6.86%,-9.35%,-11.94%,-14.63%,-17.41%,-20.30%,-23.28%,-26.36%
2007-03-31,1.00%,1.84%,2.53%,3.06%,3.43%,3.63%,3.65%,3.51%,3.20%,2.71%
2007-04-30,4.33%,8.78%,13.36%,18.07%,22.90%,27.86%,32.95%,38.17%,43.52%,48.99%
2007-05-31,3.25%,6.54%,9.86%,13.19%,16.55%,19.92%,23.30%,26.69%,30.07%,33.45%
2007-06-30,-1.78%,-3.67%,-5.67%,-7.77%,-9.96%,-12.23%,-14.58%,-17.00%,-19.48%,-22.01%
2007-07-31,-3.20%,-6.53%,-9.97%,-13.50%,-17.12%,-20.80%,-24.53%,-28.28%,-32.05%,-35.82%
2007-08-31,1.29%,2.06%,2.30%,1.99%,1.14%,-0.26%,-2.21%,-4.67%,-7.64%,-11.08%
2007-09-30,3.58%,7.09%,10.52%,13.87%,17.11%,20.24%,23.25%,26.12%,28.85%,31.42%
2007-10-31,1.48%,2.81%,3.98%,4.97%,5.79%,6.42%,6.85%,7.08%,7.10%,6.90%
2007-11-30,-4.40%,-9.13%,-14.12%,-19.30%,-24.62%,-30.01%,-35.42%,-40.79%,-46.06%,-51.20%
2007-12-31,-0.86%,-1.95%,-3.26%,-4.79%,-6.52%,-8.46%,-10.58%,-12.89%,-15.37%,-18.01%
2008-01-31,-6.12%,-12.29%,-18.47%,-24.61%,-30.66%,-36.57%,-42.30%,-47.83%,-53.11%,-58.12%
2008-02-29,-3.48%,-7.14%,-10.98%,-14.96%,-19.06%,-23.27%,-27.55%,-31.89%,-36.25%,-40.62%
2008-03-31,-0.60%,-1.79%,-3.56%,-5.85%,-8.61%,-11.80%,-15.36%,-19.23%,-23.36%,-27.69%
2008-04-30,4.75%,9.43%,14.00%,18.45%,22.76%,26.91%,30.89%,34.66%,38.21%,41.53%
2008-05-31,1.07%,1.98%,2.73%,3.30%,3.71%,3.94%,3.99%,3.86%,3.54%,3.03%
2008-06-30,-8.60%,-16.75%,-24.45%,-31.71%,-38.51%,-44.87%,-50.79%,-56.27%,-61.34%,-65.99%
2008-07-31,-0.99%,-2.40%,-4.22%,-6.44%,-9.02%,-11.93%,-15.14%,-18.63%,-22.35%,-26.26%
2008-08-31,1.22%,2.10%,2.65%,2.85%,2.71%,2.22%,1.40%,0.25%,-1.22%,-3.00%
2008-09-30,-9.08%,-19.42%,-30.55%,-41.99%,-53.27%,-63.96%,-73.70%,-82.20%,-89.27%,-94.83%
2008-10-31,-16.94%,-34.85%,-51.80%,-66.50%,-78.28%,-87.01%,-92.97%,-96.67%,-98.71%,-99.66%
2008-11-30,-7.48%,-17.50%,-29.18%,-41.59%,-53.85%,-65.23%,-75.16%,-83.31%,-89.57%,-94.05%
2008-12-31,0.78%,-0.57%,-4.15%,-9.97%,-17.94%,-27.92%,-39.66%,-52.85%,-67.09%,-81.97%
2009-01-31,-8.57%,-17.42%,-26.36%,-35.20%,-43.77%,-51.93%,-59.56%,-66.57%,-72.89%,-78.48%
2009-02-28,-10.99%,-21.60%,-31.69%,-41.16%,-49.94%,-57.98%,-65.23%,-71.68%,-77.35%,-82.24%
2009-03-31,8.54%,15.53%,20.66%,23.68%,24.44%,22.88%,19.02%,13.01%,5.07%,-4.47%
2009-04-30,9.39%,18.77%,27.97%,36.84%,45.17%,52.79%,59.48%,65.04%,69.24%,71.87%
2009-05-31,5.31%,10.21%,14.62%,18.49%,21.76%,24.36%,26.26%,27.43%,27.83%,27.46%
2009-06-30,0.02%,-0.31%,-1.00%,-2.03%,-3.41%,-5.14%,-7.20%,-9.58%,-12.27%,-15.25%
2009-07-31,7.41%,14.95%,22.56%,30.19%,37.79%,45.30%,52.65%,59.76%,66.58%,73.00%
2009-08-31,3.36%,6.59%,9.69%,12.63%,15.39%,17.95%,20.31%,22.42%,24.29%,25.88%
2009-09-30,3.57%,7.07%,10.47%,13.76%,16.93%,19.95%,22.81%,25.49%,27.98%,30.25%
2009-10-31,-1.98%,-4.29%,-6.93%,-9.87%,-13.07%,-16.53%,-20.20%,-24.06%,-28.07%,-32.20%
2009-11-30,5.74%,11.58%,17.52%,23.54%,29.62%,35.74%,41.89%,48.03%,54.16%,60.25%
2009-12-31,1.78%,3.49%,5.13%,6.70%,8.19%,9.60%,10.92%,12.15%,13.28%,14.32%
2010-01-31,-3.70%,-7.45%,-11.23%,-15.04%,-18.86%,-22.68%,-26.49%,-30.27%,-34.01%,-37.71%
2010-02-28,2.85%,5.53%,8.01%,10.27%,12.29%,14.05%,15.51%,16.66%,17.47%,17.92%
2010-03-31,5.88%,12.04%,18.48%,25.21%,32.25%,39.60%,47.28%,55.29%,63.64%,72.35%
2010-04-30,1.48%,2.79%,3.92%,4.86%,5.61%,6.15%,6.48%,6.58%,6.45%,6.09%
2010-05-31,-8.20%,-16.41%,-24.50%,-32.38%,-39.95%,-47.14%,-53.89%,-60.16%,-65.91%,-71.14%
2010-06-30,-5.39%,-10.99%,-16.75%,-22.59%,-28.45%,-34.28%,-40.03%,-45.64%,-51.07%,-56.29%
2010-07-31,6.88%,13.85%,20.88%,27.93%,34.95%,41.89%,48.71%,55.33%,61.71%,67.77%
2010-08-31,-4.74%,-9.51%,-14.28%,-19.03%,-23.74%,-28.38%,-32.95%,-37.42%,-41.79%,-46.03%
2010-09-30,8.76%,18.01%,27.77%,38.05%,48.85%,60.17%,72.03%,84.41%,97.31%,110.75%
2010-10-31,3.69%,7.39%,11.11%,14.84%,18.58%,22.31%,26.02%,29.72%,33.38%,37.02%
2010-11-30,-0.23%,-0.63%,-1.20%,-1.93%,-2.83%,-3.88%,-5.09%,-6.44%,-7.94%,-9.56%
2010-12-31,6.53%,13.39%,20.61%,28.18%,36.13%,44.47%,53.21%,62.37%,71.96%,82.00%
2011-01-31,2.26%,4.49%,6.67%,8.80%,10.87%,12.88%,14.82%,16.68%,18.46%,20.16%
2011-02-28,3.20%,6.38%,9.54%,12.68%,15.78%,18.83%,21.82%,24.75%,27.60%,30.36%
2011-03-31,-0.10%,-0.44%,-1.02%,-1.83%,-2.87%,-4.13%,-5.61%,-7.31%,-9.21%,-11.30%
2011-04-30,2.85%,5.71%,8.59%,11.47%,14.36%,17.25%,20.14%,23.03%,25.91%,28.77%
2011-05-31,-1.35%,-2.77%,-4.27%,-5.83%,-7.45%,-9.13%,-10.87%,-12.66%,-14.51%,-16.39%
2011-06-30,-1.83%,-3.84%,-6.04%,-8.41%,-10.93%,-13.60%,-16.40%,-19.32%,-22.35%,-25.46%
2011-07-31,-2.15%,-4.43%,-6.82%,-9.33%,-11.94%,-14.63%,-17.41%,-20.25%,-23.15%,-26.09%
2011-08-31,-5.68%,-12.80%,-21.07%,-30.15%,-39.69%,-49.33%,-58.71%,-67.53%,-75.52%,-82.48%
2011-09-30,-7.18%,-14.45%,-21.72%,-28.90%,-35.93%,-42.73%,-49.23%,-55.38%,-61.15%,-66.50%
2011-10-31,10.77%,21.82%,33.00%,44.19%,55.22%,65.92%,76.12%,85.62%,94.24%,101.81%
2011-11-30,-0.51%,-1.76%,-3.75%,-6.41%,-9.71%,-13.59%,-17.97%,-22.78%,-27.94%,-33.36%
2011-12-31,0.85%,1.44%,1.75%,1.78%,1.54%,1.04%,0.26%,-0.78%,-2.07%,-3.61%
2012-01-31,4.36%,8.84%,13.44%,18.16%,23.01%,27.97%,33.06%,38.28%,43.62%,49.08%
2012-02-29,4.06%,8.22%,12.47%,16.82%,21.27%,25.82%,30.46%,35.20%,40.04%,44.96%
2012-03-31,3.13%,6.24%,9.32%,12.37%,15.36%,18.31%,21.20%,24.02%,26.77%,29.44%
2012-04-30,-0.75%,-1.65%,-2.71%,-3.91%,-5.25%,-6.73%,-8.34%,-10.07%,-11.92%,-13.87%
2012-05-31,-6.27%,-12.27%,-18.02%,-23.51%,-28.74%,-33.72%,-38.45%,-42.94%,-47.19%,-51.21%
2012-06-30,3.96%,7.70%,11.19%,14.40%,17.29%,19.83%,21.99%,23.73%,25.04%,25.89%
2012-07-31,1.26%,2.38%,3.35%,4.18%,4.87%,5.40%,5.79%,6.03%,6.11%,6.06%
2012-08-31,1.98%,3.92%,5.82%,7.68%,9.51%,11.28%,13.01%,14.69%,16.33%,17.90%
2012-09-30,2.42%,4.80%,7.12%,9.39%,11.60%,13.74%,15.83%,17.84%,19.78%,21.64%
2012-10-31,-1.98%,-4.01%,-6.09%,-8.21%,-10.37%,-12.57%,-14.80%,-17.07%,-19.35%,-21.66%
2012-11-30,0.28%,0.38%,0.28%,-0.02%,-0.51%,-1.21%,-2.09%,-3.17%,-4.45%,-5.91%
2012-12-31,0.71%,1.31%,1.82%,2.23%,2.54%,2.74%,2.85%,2.85%,2.75%,2.56%
2013-01-31,5.04%,10.24%,15.60%,21.13%,26.81%,32.67%,38.69%,44.88%,51.24%,57.78%
2013-02-28,1.11%,2.10%,2.97%,3.71%,4.33%,4.81%,5.16%,5.37%,5.43%,5.35%
2013-03-31,3.60%,7.28%,11.03%,14.86%,18.77%,22.75%,26.81%,30.94%,35.14%,39.41%
2013-04-30,1.81%,3.47%,4.98%,6.33%,7.50%,8.49%,9.29%,9.89%,10.27%,10.44%
2013-05-31,2.08%,4.09%,6.04%,7.91%,9.70%,11.41%,13.03%,14.55%,15.98%,17.30%
2013-06-30,-1.50%,-3.20%,-5.09%,-7.16%,-9.41%,-11.81%,-14.37%,-17.07%,-19.90%,-22.84%
2013-07-31,4.95%,10.08%,15.41%,20.95%,26.68%,32.63%,38.80%,45.18%,51.80%,58.64%
2013-08-31,-3.13%,-6.25%,-9.36%,-12.45%,-15.53%,-18.57%,-21.59%,-24.57%,-27.52%,-30.43%
2013-09-30,2.97%,5.97%,8.99%,12.03%,15.08%,18.15%,21.23%,24.31%,27.40%,30.49%
2013-10-31,4.46%,8.96%,13.50%,18.07%,22.65%,27.24%,31.83%,36.40%,40.94%,45.45%
2013-11-30,2.80%,5.62%,8.44%,11.27%,14.10%,16.93%,19.75%,22.56%,25.36%,28.14%
2013-12-31,2.36%,4.69%,7.00%,9.28%,11.54%,13.75%,15.94%,18.08%,20.18%,22.23%
2014-01-31,-3.56%,-7.11%,-10.66%,-14.19%,-17.69%,-21.16%,-24.60%,-28.00%,-31.35%,-34.64%
2014-02-28,4.31%,8.67%,13.07%,17.49%,21.93%,26.36%,30.78%,35.17%,39.50%,43.76%
2014-03-31,0.69%,1.30%,1.83%,2.27%,2.63%,2.90%,3.08%,3.18%,3.19%,3.12%
2014-04-30,0.62%,1.10%,1.45%,1.65%,1.70%,1.60%,1.35%,0.94%,0.37%,-0.35%
2014-05-31,2.10%,4.19%,6.27%,8.32%,10.35%,12.36%,14.34%,16.30%,18.21%,20.10%
2014-06-30,1.91%,3.82%,5.74%,7.66%,9.59%,11.52%,13.46%,15.39%,17.33%,19.27%
2014-07-31,-1.51%,-3.09%,-4.73%,-6.45%,-8.23%,-10.06%,-11.96%,-13.91%,-15.91%,-17.96%
2014-08-31,3.77%,7.61%,11.55%,15.56%,19.65%,23.83%,28.08%,32.41%,36.81%,41.29%
2014-09-30,-1.55%,-3.15%,-4.79%,-6.48%,-8.20%,-9.96%,-11.76%,-13.58%,-15.44%,-17.33%
2014-10-31,2.32%,4.39%,6.18%,7.69%,8.89%,9.78%,10.35%,10.58%,10.47%,10.02%
2014-11-30,2.45%,4.95%,7.49%,10.08%,12.72%,15.40%,18.12%,20.90%,23.72%,26.59%
2014-12-31,-0.42%,-1.03%,-1.83%,-2.82%,-3.97%,-5.30%,-6.79%,-8.43%,-10.22%,-12.14%
2015-01-31,-3.10%,-6.32%,-9.63%,-13.03%,-16.48%,-19.98%,-23.51%,-27.05%,-30.59%,-34.12%
2015-02-28,5.49%,11.19%,17.11%,23.25%,29.61%,36.21%,43.03%,50.09%,57.39%,64.93%
2015-03-31,-1.74%,-3.62%,-5.62%,-7.74%,-9.98%,-12.31%,-14.74%,-17.25%,-19.84%,-22.49%
2015-04-30,0.85%,1.65%,2.40%,3.09%,3.73%,4.31%,4.83%,5.29%,5.69%,6.03%
2015-05-31,1.05%,2.02%,2.91%,3.71%,4.44%,5.07%,5.62%,6.08%,6.45%,6.72%
2015-06-30,-2.10%,-4.26%,-6.47%,-8.74%,-11.05%,-13.40%,-15.78%,-18.20%,-20.65%,-23.12%
2015-07-31,1.97%,3.87%,5.67%,7.38%,9.00%,10.50%,11.90%,13.18%,14.34%,15.37%
2015-08-31,-6.26%,-12.64%,-19.09%,-25.52%,-31.88%,-38.11%,-44.17%,-50.00%,-55.58%,-60.87%
2015-09-30,-2.64%,-5.61%,-8.86%,-12.38%,-16.12%,-20.06%,-24.17%,-28.40%,-32.73%,-37.12%
2015-10-31,8.30%,17.10%,26.42%,36.28%,46.69%,57.67%,69.24%,81.40%,94.18%,107.58%
2015-11-30,0.05%,-0.01%,-0.18%,-0.46%,-0.85%,-1.34%,-1.94%,-2.65%,-3.45%,-4.35%
2015-12-31,-1.75%,-3.75%,-5.98%,-8.42%,-11.05%,-13.86%,-16.83%,-19.94%,-23.17%,-26.49%
2016-01-31,-5.07%,-10.28%,-15.58%,-20.91%,-26.25%,-31.54%,-36.76%,-41.87%,-46.83%,-51.61%
2016-02-29,-0.41%,-1.08%,-2.00%,-3.17%,-4.57%,-6.20%,-8.05%,-10.10%,-12.35%,-14.77%
2016-03-31,6.60%,13.49%,20.69%,28.19%,35.99%,44.12%,52.55%,61.31%,70.40%,79.81%
2016-04-30,0.27%,0.46%,0.56%,0.59%,0.53%,0.39%,0.16%,-0.14%,-0.53%,-1.00%
2016-05-31,1.53%,2.99%,4.36%,5.65%,6.84%,7.95%,8.97%,9.88%,10.70%,11.42%
2016-06-30,0.09%,-0.11%,-0.62%,-1.43%,-2.56%,-4.01%,-5.77%,-7.86%,-10.26%,-12.98%
2016-07-31,3.56%,7.20%,10.91%,14.70%,18.57%,22.51%,26.53%,30.63%,34.80%,39.04%
2016-08-31,-0.12%,-0.27%,-0.45%,-0.65%,-0.88%,-1.14%,-1.43%,-1.74%,-2.07%,-2.44%
2016-09-30,-0.12%,-0.42%,-0.88%,-1.52%,-2.32%,-3.30%,-4.45%,-5.77%,-7.26%,-8.92%
2016-10-31,-1.94%,-3.88%,-5.82%,-7.75%,-9.68%,-11.60%,-13.51%,-15.42%,-17.31%,-19.20%
2016-11-30,3.42%,6.85%,10.30%,13.77%,17.24%,20.71%,24.19%,27.66%,31.13%,34.58%
2016-12-31,1.82%,3.62%,5.40%,7.15%,8.87%,10.57%,12.24%,13.87%,15.47%,17.03%
2017-01-31,1.79%,3.57%,5.36%,7.13%,8.91%,10.67%,12.43%,14.18%,15.92%,17.65%
2017-02-28,3.72%,7.55%,11.51%,15.58%,19.77%,24.09%,28.54%,33.12%,37.84%,42.69%
2017-03-31,-0.04%,-0.14%,-0.29%,-0.50%,-0.76%,-1.08%,-1.46%,-1.89%,-2.37%,-2.91%
2017-04-30,0.91%,1.79%,2.63%,3.45%,4.23%,4.98%,5.69%,6.37%,7.02%,7.63%
2017-05-31,1.16%,2.28%,3.35%,4.38%,5.37%,6.30%,7.18%,8.00%,8.76%,9.46%
2017-06-30,0.48%,0.92%,1.32%,1.67%,1.97%,2.24%,2.45%,2.63%,2.75%,2.83%
2017-07-31,1.93%,3.88%,5.84%,7.80%,9.77%,11.75%,13.74%,15.73%,17.72%,19.72%
2017-08-31,0.05%,0.03%,-0.07%,-0.24%,-0.50%,-0.83%,-1.25%,-1.75%,-2.32%,-2.98%
2017-09-30,1.93%,3.87%,5.82%,7.78%,9.75%,11.73%,13.72%,15.71%,17.71%,19.71%
2017-10-31,2.22%,4.46%,6.74%,9.03%,11.36%,13.71%,16.08%,18.48%,20.90%,23.35%
2017-11-30,2.81%,5.66%,8.55%,11.48%,14.45%,17.47%,20.52%,23.61%,26.74%,29.90%
2017-12-31,0.98%,1.95%,2.90%,3.84%,4.76%,5.66%,6.55%,7.42%,8.27%,9.10%
2018-01-31,5.62%,11.47%,17.55%,23.87%,30.43%,37.24%,44.29%,51.60%,59.16%,66.98%
2018-02-28,-3.89%,-8.15%,-12.74%,-17.61%,-22.72%,-28.03%,-33.47%,-39.00%,-44.56%,-50.11%
2018-03-31,-2.69%,-5.61%,-8.75%,-12.08%,-15.57%,-19.20%,-22.94%,-26.77%,-30.66%,-34.59%
2018-04-30,0.27%,0.30%,0.09%,-0.36%,-1.06%,-2.01%,-3.21%,-4.64%,-6.31%,-8.20%
2018-05-31,2.16%,4.27%,6.33%,8.33%,10.27%,12.15%,13.96%,15.69%,17.34%,18.92%
2018-06-30,0.48%,0.91%,1.27%,1.57%,1.80%,1.97%,2.08%,2.11%,2.08%,1.99%
2018-07-31,3.60%,7.26%,10.98%,14.76%,18.59%,22.47%,26.40%,30.37%,34.38%,38.43%
2018-08-31,3.03%,6.09%,9.20%,12.35%,15.53%,18.75%,22.01%,25.29%,28.61%,31.95%
2018-09-30,0.43%,0.84%,1.22%,1.59%,1.93%,2.25%,2.55%,2.83%,3.09%,3.32%
2018-10-31,-6.94%,-13.81%,-20.55%,-27.13%,-33.52%,-39.67%,-45.57%,-51.18%,-56.48%,-61.47%
2018-11-30,1.79%,3.31%,4.57%,5.54%,6.22%,6.61%,6.69%,6.47%,5.95%,5.13%
2018-12-31,-9.18%,-18.07%,-26.59%,-34.68%,-42.27%,-49.35%,-55.88%,-61.86%,-67.28%,-72.16%
2019-01-31,7.87%,16.01%,24.41%,33.03%,41.85%,50.83%,59.92%,69.09%,78.28%,87.43%
2019-02-28,2.97%,5.98%,9.01%,12.08%,15.17%,18.29%,21.44%,24.60%,27.79%,30.99%
2019-03-31,1.79%,3.50%,5.12%,6.65%,8.07%,9.39%,10.60%,11.69%,12.66%,13.50%
2019-04-30,3.93%,7.98%,12.14%,16.42%,20.82%,25.35%,30.00%,34.77%,39.67%,44.71%
2019-05-31,-6.58%,-12.89%,-18.93%,-24.69%,-30.20%,-35.43%,-40.40%,-45.11%,-49.56%,-53.77%
2019-06-30,6.89%,14.14%,21.76%,29.76%,38.14%,46.93%,56.14%,65.77%,75.83%,86.34%
2019-07-31,1.31%,2.58%,3.81%,4.98%,6.11%,7.18%,8.20%,9.16%,10.07%,10.92%
2019-08-31,-1.81%,-4.01%,-6.59%,-9.53%,-12.80%,-16.38%,-20.23%,-24.32%,-28.61%,-33.07%
2019-09-30,1.72%,3.40%,5.05%,6.67%,8.25%,9.78%,11.28%,12.73%,14.13%,15.49%
2019-10-31,2.04%,3.97%,5.77%,7.44%,8.96%,10.33%,11.54%,12.58%,13.45%,14.13%
2019-11-30,3.40%,6.89%,10.47%,14.12%,17.87%,21.70%,25.62%,29.64%,33.74%,37.93%
2019-12-31,2.86%,5.75%,8.66%,11.60%,14.56%,17.55%,20.55%,23.57%,26.60%,29.64%
2020-01-31,-0.16%,-0.44%,-0.83%,-1.33%,-1.95%,-2.68%,-3.52%,-4.48%,-5.55%,-6.73%
2020-02-29,-8.41%,-16.54%,-24.36%,-31.85%,-38.99%,-45.75%,-52.12%,-58.09%,-63.65%,-68.79%
2020-03-31,-12.51%,-29.16%,-47.34%,-64.58%,-79.01%,-89.59%,-96.21%,-99.47%,-100.43%,-100.24%
2020-04-30,12.68%,25.25%,37.38%,48.73%,58.98%,67.76%,74.76%,79.66%,82.20%,82.16%
2020-05-31,4.53%,8.82%,12.83%,16.51%,19.83%,22.73%,25.18%,27.14%,28.58%,29.46%
2020-06-30,1.84%,2.92%,3.17%,2.50%,0.85%,-1.84%,-5.61%,-10.49%,-16.51%,-23.66%
2020-07-31,5.51%,11.15%,16.90%,22.76%,28.71%,34.74%,40.84%,46.99%,53.18%,59.38%
2020-08-31,7.01%,14.42%,22.26%,30.54%,39.29%,48.52%,58.25%,68.51%,79.31%,90.68%
2020-09-30,-3.92%,-8.16%,-12.66%,-17.39%,-22.29%,-27.33%,-32.45%,-37.62%,-42.77%,-47.87%
2020-10-31,-2.77%,-5.81%,-9.11%,-12.64%,-16.38%,-20.30%,-24.38%,-28.58%,-32.88%,-37.25%
2020-11-30,10.75%,22.37%,34.88%,48.33%,62.75%,78.18%,94.65%,112.20%,130.84%,150.62%
2020-12-31,3.71%,7.49%,11.33%,15.24%,19.20%,23.22%,27.30%,31.43%,35.62%,39.85%
2021-01-31,-1.11%,-2.42%,-3.92%,-5.61%,-7.47%,-9.52%,-11.73%,-14.10%,-16.62%,-19.28%
2021-02-28,2.61%,5.13%,7.54%,9.84%,12.02%,14.05%,15.94%,17.65%,19.20%,20.55%
2021-03-31,4.24%,8.40%,12.46%,16.39%,20.18%,23.81%,27.25%,30.49%,33.52%,36.31%
2021-04-30,5.24%,10.64%,16.20%,21.92%,27.78%,33.80%,39.96%,46.26%,52.70%,59.28%
2021-05-31,0.55%,0.95%,1.20%,1.29%,1.22%,1.00%,0.62%,0.08%,-0.63%,-1.49%
2021-06-30,2.22%,4.43%,6.62%,8.79%,10.94%,13.06%,15.16%,17.23%,19.26%,21.25%
2021-07-31,2.27%,4.48%,6.62%,8.68%,10.66%,12.54%,14.33%,16.02%,17.60%,19.07%
2021-08-31,2.90%,5.82%,8.75%,11.71%,14.67%,17.64%,20.61%,23.59%,26.56%,29.53%
2021-09-30,-4.76%,-9.42%,-13.97%,-18.42%,-22.76%,-26.98%,-31.07%,-35.05%,-38.90%,-42.62%
2021-10-31,6.91%,14.18%,21.80%,29.78%,38.13%,46.87%,55.99%,65.49%,75.39%,85.69%
2021-11-30,-0.83%,-1.79%,-2.88%,-4.09%,-5.43%,-6.89%,-8.47%,-10.17%,-11.99%,-13.92%
2021-12-31,4.36%,8.64%,12.83%,16.89%,20.81%,24.57%,28.15%,31.53%,34.69%,37.62%
2022-01-31,-5.26%,-10.49%,-15.67%,-20.78%,-25.79%,-30.68%,-35.45%,-40.06%,-44.52%,-48.80%
2022-02-28,-3.14%,-6.52%,-10.13%,-13.93%,-17.89%,-21.98%,-26.17%,-30.43%,-34.73%,-39.03%
2022-03-31,3.58%,6.78%,9.56%,11.88%,13.72%,15.04%,15.82%,16.03%,15.68%,14.75%
2022-04-30,-8.80%,-17.24%,-25.30%,-32.95%,-40.16%,-46.92%,-53.22%,-59.05%,-64.41%,-69.31%
2022-05-31,0.01%,-0.78%,-2.36%,-4.71%,-7.82%,-11.64%,-16.11%,-21.16%,-26.71%,-32.66%
2022-06-30,-8.39%,-16.70%,-24.83%,-32.70%,-40.25%,-47.41%,-54.13%,-60.37%,-66.12%,-71.35%
2022-07-31,9.11%,18.69%,28.71%,39.18%,50.08%,61.38%,73.06%,85.10%,97.46%,110.12%
2022-08-31,-4.24%,-8.62%,-13.10%,-17.66%,-22.27%,-26.90%,-31.53%,-36.13%,-40.68%,-45.16%
2022-09-30,-9.34%,-18.23%,-26.64%,-34.55%,-41.96%,-48.85%,-55.22%,-61.08%,-66.43%,-71.30%
2022-10-31,7.99%,15.87%,23.56%,30.95%,37.95%,44.45%,50.36%,55.58%,60.02%,63.62%
2022-11-30,5.38%,10.37%,14.94%,19.04%,22.63%,25.67%,28.12%,29.98%,31.21%,31.80%
2022-12-31,-5.90%,-11.69%,-17.36%,-22.88%,-28.24%,-33.42%,-38.42%,-43.22%,-47.82%,-52.19%
2023-01-31,6.18%,12.48%,18.89%,25.40%,31.97%,38.60%,45.25%,51.91%,58.53%,65.11%
2023-02-28,-2.61%,-5.32%,-8.12%,-10.99%,-13.93%,-16.93%,-19.97%,-23.05%,-26.15%,-29.26%
2023-03-31,3.51%,6.82%,9.93%,12.81%,15.42%,17.76%,19.79%,21.50%,22.88%,23.90%
2023-04-30,1.46%,2.85%,4.14%,5.35%,6.46%,7.48%,8.40%,9.23%,9.95%,10.57%
2023-05-31,0.25%,0.36%,0.34%,0.18%,-0.10%,-0.52%,-1.07%,-1.74%,-2.53%,-3.44%
2023-06-30,6.47%,13.24%,20.31%,27.68%,35.37%,43.37%,51.69%,60.33%,69.30%,78.60%
2023-07-31,3.11%,6.27%,9.46%,12.69%,15.95%,19.25%,22.57%,25.93%,29.30%,32.70%
2023-08-31,-1.77%,-3.64%,-5.60%,-7.65%,-9.77%,-11.97%,-14.23%,-16.55%,-18.92%,-21.33%
2023-09-30,-4.87%,-9.60%,-14.19%,-18.63%,-22.92%,-27.08%,-31.09%,-34.95%,-38.67%,-42.26%
2023-10-31,-2.20%,-4.51%,-6.93%,-9.44%,-12.03%,-14.70%,-17.44%,-20.24%,-23.08%,-25.96%
2023-11-30,8.92%,18.48%,28.71%,39.66%,51.35%,63.83%,77.14%,91.32%,106.41%,122.45%
2023-12-31,4.42%,8.95%,13.59%,18.34%,23.18%,28.12%,33.15%,38.27%,43.48%,48.76%
2024-01-31,1.59%,3.10%,4.54%,5.89%,7.15%,8.32%,9.40%,10.38%,11.26%,12.03%
2024-02-29,5.17%,10.48%,15.91%,21.46%,27.13%,32.91%,38.79%,44.77%,50.84%,56.99%
2024-03-31,3.10%,6.22%,9.34%,12.47%,15.61%,18.74%,21.86%,24.98%,28.08%,31.16%
2024-04-30,-4.16%,-8.29%,-12.39%,-16.43%,-20.42%,-24.35%,-28.20%,-31.97%,-35.65%,-39.24%
2024-05-31,4.80%,9.75%,14.83%,20.05%,25.41%,30.91%,36.55%,42.32%,48.22%,54.25%
2024-06-30,3.47%,7.02%,10.65%,14.37%,18.17%,22.06%,26.04%,30.10%,34.25%,38.49%
2024-07-31,1.13%,2.10%,2.89%,3.49%,3.92%,4.14%,4.17%,4.00%,3.62%,3.04%
2024-08-31,2.28%,4.28%,5.98%,7.35%,8.37%,9.03%,9.31%,9.19%,8.68%,7.75%
2024-09-30,2.02%,3.93%,5.71%,7.36%,8.87%,10.23%,11.43%,12.46%,13.31%,13.98%
2024-10-31,-0.99%,-2.07%,-3.25%,-4.52%,-5.88%,-7.33%,-8.86%,-10.47%,-12.16%,-13.92%
2024-11-30,5.73%,11.65%,17.76%,24.06%,30.55%,37.22%,44.07%,51.09%,58.30%,65.67%
2024-12-31,-2.50%,-5.10%,-7.79%,-10.56%,-13.42%,-16.35%,-19.35%,-22.41%,-25.52%,-28.67%
2025-01-31,2.70%,5.32%,7.83%,10.24%,12.54%,14.70%,16.74%,18.62%,20.35%,21.92%
2025-02-28,-1.42%,-2.95%,-4.58%,-6.30%,-8.11%,-10.00%,-11.98%,-14.02%,-16.14%,-18.32%
2025-03-31,-5.75%,-11.50%,-17.19%,-22.81%,-28.32%,-33.70%,-38.92%,-43.96%,-48.81%,-53.44%
2025-04-30,-0.76%,-3.34%,-7.57%,-13.25%,-20.14%,-27.98%,-36.47%,-45.32%,-54.24%,-62.94%
2025-05-31,6.15%,12.42%,18.80%,25.27%,31.82%,38.42%,45.07%,51.73%,58.40%,65.05%
2025-06-30,4.96%,10.07%,15.34%,20.75%,26.31%,32.02%,37.87%,43.86%,49.99%,56.25%
2025-07-31,2.17%,4.34%,6.52%,8.71%,10.90%,13.10%,15.30%,17.50%,19.69%,21.89%
2025-08-31,1.91%,3.73%,5.47%,7.12%,8.67%,10.12%,11.47%,12.70%,13.83%,14.84%
2025-09-30,3.53%,7.14%,10.82%,14.58%,18.42%,22.32%,26.30%,30.35%,34.47%,38.66%
2025-10-31,2.27%,4.41%,6.42%,8.28%,9.97%,11.49%,12.81%,13.93%,14.82%,15.48%
2025-11-30,0.13%,0.09%,-0.12%,-0.51%,-1.06%,-1.79%,-2.68%,-3.73%,-4.95%,-6.32%
2025-12-31,-0.05%,-0.17%,-0.35%,-0.60%,-0.91%,-1.29%,-1.73%,-2.24%,-2.81%,-3.44%
2026-01-31,1.37%,2.66%,3.89%,5.04%,6.11%,7.09%,7.97%,8.77%,9.46%,10.04%
2026-02-28,-0.87%,-1.85%,-2.96%,-4.18%,-5.50%,-6.93%,-8.46%,-10.09%,-11.80%,-13.60%
2026-03-31,-5.09%,-10.18%,-15.24%,-20.24%,-25.16%,-29.98%,-34.68%,-39.24%,-43.65%,-47.90%
2026-04-30,9.15%,19.01%,29.60%,40.99%,53.22%,66.34%,80.40%,95.47%,111.60%,128.86%
